Track URI,Track Name,Album Name,Artist Name(s),Release Date,Duration (ms),Popularity,Explicit,Added By,Added At,Genres,Record Label,Danceability,Energy,Key,Loudness,Mode,Speechiness,Acousticness,Instrumentalness,Liveness,Valence,Tempo,Time Signature
spotify:track:2j3PFZXmenUxgjjBUIod7F,"Bonzo Goes to Bitburg","Animal Boy","Ramones",1986,233466,60,false,ruffoj,2024-04-04T17:40:41Z,"punk,proto-punk","Rhino/Warner Records",0.41,0.854,7,-11.665,1,0.0864,0.295,0.0000092,0.355,0.495,174.66,4
spotify:track:2rBHnIxbhkMGLpqmsNX91M,"Bombtrack","Rage Against The Machine - XX (20th Anniversary Special Edition)","Rage Against The Machine",1992,243453,70,true,ruffoj,2024-04-04T17:40:41Z,"rap metal,rap rock,alternative metal,nu metal","Epic/Legacy",0.459,0.926,4,-3.415,1,0.155,0.0239,0.0000193,0.183,0.569,151.534,4
spotify:track:3quYoE7KgIIaqVXPd7MpX0,"Wherever I May Roam - Remastered 2021","Metallica (Remastered 2021)","Metallica",2021-09-10,404333,71,false,ruffoj,2024-04-04T17:40:41Z,"metal,thrash metal,rock,heavy metal,hard rock","Blackened Recordings / Universal Music",0.537,0.831,9,-7.467,0,0.0364,0.000617,0.000571,0.117,0.351,131.384,4
spotify:track:6olS0TmHmsGr0hXtcBsiVM,"A Tout Le Monde - Remastered 2004","Youthanasia (Expanded Edition - Remastered)","Megadeth",1994-10-28,262133,69,false,ruffoj,2024-04-04T17:40:41Z,"thrash metal,metal,heavy metal,speed metal","Capitol Records",0.272,0.747,5,-4.86,0,0.0401,0.000393,0.0000403,0.16,0.255,202.777,4
spotify:track:4QC1Kd4dctVuVA5I6HFuoj,"Turbo Lover - Remastered","Turbo 30 (Remastered 30th Anniversary Deluxe Edition)","Judas Priest",2017-02-03,334000,54,false,ruffoj,2024-04-04T17:40:41Z,"heavy metal,metal,hard rock,glam metal","Sony Music UK",0.551,0.877,9,-7.021,1,0.0371,0.175,0.00000805,0.392,0.753,151.585,4
spotify:track:7fcfNW0XxTWlwVlftzfDOR,"Walk","Vulgar Display of Power","Pantera",1992-02-21,315120,80,true,ruffoj,2024-04-04T17:40:41Z,"groove metal,metal,thrash metal,heavy metal","Atlantic Records",0.43,0.704,1,-8.008,0,0.0804,0.000155,0.00221,0.0933,0.703,118.242,4
spotify:track:4APKRaVYRwTvL5AevC1R1C,"Concrete Jungle","Shot To Hell","Black Label Society",2006-09-12,204266,47,false,ruffoj,2024-04-04T17:40:41Z,"groove metal,metal,heavy metal","eOne Music",0.451,0.987,9,-4.105,1,0.106,0.00000954,0.102,0.0568,0.368,137.731,4
spotify:track:3agtg0x11wPvLIWkYR39nZ,"Somewhere I Belong","Meteora","Linkin Park",2003-03-25,213933,78,false,ruffoj,2024-04-04T17:40:41Z,"nu metal,rap metal,rock,alternative metal","Warner Records",0.451,0.951,1,-3.754,1,0.0645,0.000386,0.00000256,0.261,0.441,162.041,4
spotify:track:1lATXTBJDHwawvT1UfxWu3,"The Pot","10000 Days","TOOL",2006-04-28,381946,74,true,ruffoj,2024-04-04T17:40:41Z,"progressive metal,alternative metal,progressive rock,metal","RCA Records Label",0.469,0.79,7,-6.889,1,0.0391,0.000148,0.372,0.282,0.466,107.45,4
spotify:track:3620P9KJS2PDebJ9ABFitc,"18 and Life","Skid Row","Skid Row",1989-01-24,229960,77,false,ruffoj,2024-04-04T17:40:41Z,"glam metal,glam rock,hard rock","BMG Rights Management (US) LLC",0.303,0.648,1,-11.101,0,0.0347,0.00226,0.0000149,0.112,0.305,180.898,4
spotify:track:5qxN63QA4Hk1zgdLCsZFE2,"Heaven and Hell","Heaven & Hell","Black Sabbath",1980-04-25,417840,70,false,ruffoj,2024-04-04T17:40:41Z,"metal,heavy metal,rock,stoner rock,doom metal,hard rock,classic rock","Sanctuary Records",0.333,0.445,3,-16.343,0,0.0283,0.00858,0.0451,0.167,0.35,89.371,4
spotify:track:0ElAcOj8tudMA6X6KZ7SMO,"Children of the Grave (2009 Remaster)","Master of Reality","Black Sabbath",1971-07-21,315893,68,false,ruffoj,2024-04-04T17:40:41Z,"metal,heavy metal,rock,stoner rock,doom metal,hard rock,classic rock","Sanctuary Records",0.337,0.722,6,-11.384,1,0.0478,0.0352,0.052,0.101,0.28,149.103,4
spotify:track:65HA9FsYyA2xro9RzNlNmy,"Kickstart My Heart","Dr. Feelgood","Mötley Crüe",1989-09-01,282653,14,false,ruffoj,2024-04-04T17:40:41Z,"glam metal,hard rock,glam rock","BMG Rights Management (US) LLC",0.363,0.982,7,-3.621,0,0.3,0.00123,0.00218,0.284,0.275,179.23,4
spotify:track:1Z6lKdYhwp8WYoBqGCKxlM,"Unskinny Bop","Flesh & Blood","Poison",1990,228066,65,false,ruffoj,2024-04-04T17:40:41Z,"glam metal,glam rock","Capitol Records",0.574,0.93,1,-2.949,1,0.0413,0.0657,0.00000778,0.108,0.69,92.303,4
spotify:track:0PdM2a6oIjqepoEfcJo0RO,"Pour Some Sugar On Me - Remastered 2017","Hysteria (Super Deluxe)","Def Leppard",1987-08-03,267306,79,false,ruffoj,2024-04-04T17:40:41Z,"glam metal,glam rock,classic rock","UMC (Universal Music Catalogue)",0.267,0.953,1,-4.899,0,0.096,0.00211,0,0.283,0.568,84.989,4
spotify:track:5yRAFKdtf6CXxESXbXV1lp,"Here I Go Again - Radio Mix","Whitesnake (30th Anniversary Super Deluxe Edition)","Whitesnake",2017-10-27,232133,60,false,ruffoj,2024-04-04T17:40:41Z,"glam metal,hard rock,glam rock","Parlophone UK",0.48,0.887,7,-4.91,1,0.0319,0.147,0.00011,0.33,0.69,92.971,4
spotify:track:7ACxUo21jtTHzy7ZEV56vU,"Crazy Train","Blizzard Of Ozz (40th Anniversary Expanded Edition)","Ozzy Osbourne",2020-09-18,293183,81,false,ruffoj,2024-04-04T17:40:41Z,"metal,glam metal,heavy metal,hard rock","Epic/Legacy",0.454,0.913,9,-4.008,1,0.107,0.408,0.000271,0.248,0.521,137.688,4
spotify:track:7t3wLZi6Xit8XRt24POyQW,"XXYY","Mujer Cebra","Mujer Cebra",2021-11-26,166536,36,false,ruffoj,2024-04-04T17:43:45Z,"","Casa del Puente Discos",0.376,0.873,7,-4.984,1,0.0725,0.000187,0.00000345,0.185,0.611,160.144,4
spotify:track:0xMVKpVNuiWYh5eA3xQHEW,"Guerrero Atípico","Todo lo Sólido se Desvanece en el Aire","Camionero",2023-11-09,251407,42,false,ruffoj,2024-04-04T17:43:45Z,"","Cordillera DISCOS",0.489,0.831,0,-5.49,1,0.067,0.00635,0.00176,0.175,0.425,162.99,4
spotify:track:79w038Wz0ceAI4lx1YEBtJ,"En la Arena","Paranormal","Buenos Vampiros",2019-11-22,265473,28,false,ruffoj,2024-04-04T17:43:45Z,"post-punk","Casa del Puente Discos",0.486,0.912,2,-7.453,1,0.0437,0.127,0.717,0.108,0.872,144.93,4
spotify:track:1vCzdeYfOxBtQhNw7iVU5r,"Elefante","Elefante","Revistas",2021-06-18,237636,4,false,ruffoj,2024-04-04T17:43:45Z,"","Revistas",0.481,0.617,0,-9.26,1,0.0377,0.00015,0.422,0.15,0.782,79.979,4
spotify:track:1eiBEbF2RNKF1OuMzjY0Mt,"LUZ Y FUERZA","ORDEN Y PROGRESO","FERMIN",2021-12-03,223921,12,false,ruffoj,2024-04-04T17:43:45Z,"argentine trap","FERMIN",0.573,0.739,5,-8.574,1,0.0362,0.0221,0.302,0.349,0.398,115.022,4
spotify:track:3fG3Ds1rzPt5kScGIlocTH,"Eso no es Amor","Día del Trabajador","Fonso",2023-09-15,285176,26,false,ruffoj,2024-04-04T17:43:45Z,"latin indie","Indie Folks",0.568,0.911,2,-7.757,1,0.0405,0.00997,0.206,0.381,0.68,85.039,4
spotify:track:3ooLJyyIaxgdy9w7seHCBk,"Cara de Mapa","Bronce","Atrás Hay Truenos",2016-08-25,127676,22,false,ruffoj,2024-04-04T17:43:45Z,"latin indie","Laptra",0.515,0.689,6,-6.831,0,0.0397,0.047,0.000145,0.296,0.664,77.373,4
spotify:track:4uXl8qTDYQ4a5gY1wyvBwp,"A.P.T (American Pro Trucker)","El Sonido Del Éxtasis","Winona Riders",2023-11-03,503077,31,false,ruffoj,2024-04-04T17:43:45Z,"","Indie Folks",0.465,0.844,2,-9.87,1,0.0384,0.0242,0.687,0.0807,0.413,164.042,4
spotify:track:4yat14Nd2anMOjDMp8ddDh,"Aunque Todos Quieran Hablar","Paso Néctar","Picnic Al Costado Del Camino",2021-05-21,215747,16,false,ruffoj,2024-04-04T17:43:45Z,"","Picnic Al Costado Del Camino",0.555,0.611,4,-6.569,0,0.0277,0.00991,0.000151,0.148,0.475,132.044,4
spotify:track:3qE7zIcgcHgOSHhIdHgoEy,"Distracción Instantánea","Aguinaldo","Máze",2023-11-03,267918,26,false,ruffoj,2024-04-04T17:43:45Z,"","1/4 Compañia Discográfica",0.608,0.751,4,-6.533,1,0.0377,0.0137,0.00637,0.375,0.421,158.029,4
spotify:track:1syBCAdrMx4sFXvOwdUmp6,"Gracias Por Pasar","Distracciones","La Real Academia",2021-07-02,165865,0,false,ruffoj,2024-04-04T17:43:45Z,"post-punk","La Real Academia",0.695,0.637,1,-9.687,1,0.0444,0.000941,0.849,0.11,0.48,106.034,4
spotify:track:3mCiPbSvvOgkhwfunAqmxL,"Mentiroso Miente","Mentiroso Miente","Socorro",2023-03-03,166190,0,false,ruffoj,2024-04-04T17:43:45Z,"","Arkonte Records",0.399,0.877,0,-4.46,0,0.264,0.666,0.496,0.165,0.507,150.295,4
spotify:track:2H9QDsByfi3cOYrbMA0smF,"Nada Más","Habla Sola / Nada Más","Sakatumba",2024-02-01,234562,0,false,ruffoj,2024-04-04T17:43:45Z,"","Sakatumba",0.556,0.764,5,-6.717,0,0.0409,0.01,0.0198,0.072,0.683,78.487,4
spotify:track:50fHlG70LL8olJ2e2kbFLW,"Terremoto","DUM","Dum Chica",2023-02-24,163355,25,false,ruffoj,2024-04-04T17:43:45Z,"riot grrrl","Casa del Puente Discos",0.55,0.944,8,-5.392,1,0.196,0.197,0.00000127,0.243,0.676,145.613,4
spotify:track:3gCiIw1HMWGFYLKUDgE2RN,"Confundido por Cosas Nuevas","El Club Audiovisual","El Club Audiovisual",2023-08-11,243474,22,false,ruffoj,2024-04-04T17:43:45Z,"shoegaze,latin indie","Casa del Puente Discos",0.493,0.797,1,-5.273,0,0.0371,0.00578,0,0.098,0.273,128.093,4
spotify:track:5CZQ77K8uZ6N2uEIUVY8fx,"Sole","Sole","boom boom kid",2024-02-13,243338,30,false,ruffoj,2024-04-04T17:43:45Z,"argentine rock,melodic hardcore,hardcore punk,punk","Ugly Record",0.527,0.917,9,-5.044,0,0.033,0.108,0,0.0829,0.795,99.917,4
spotify:track:5ZzaQzGZ110X4yyqc3vzqd,"Tatuaje","Tatuaje","los subtítulos",2023-11-24,246534,12,false,ruffoj,2024-04-04T17:43:45Z,"","los subtítulos",0.446,0.866,7,-8.198,1,0.0344,0.0438,0.817,0.0834,0.654,172.981,4
spotify:track:7hTkcCf4n9DWWMbSe0k4x5,"Igual","Lo Más Cercano a Caer","Nenagenix",2023-05-26,251362,36,false,ruffoj,2024-04-04T17:43:45Z,"shoegaze","Bohemian Groove",0.475,0.885,7,-5.923,0,0.0386,0.000387,0.699,0.0358,0.34,131.898,4
spotify:track:6FxLIBKxcxkJhYFY24XUkH,"Todo lo que","Suerte","Mora y los Metegoles",2022-11-25,194087,0,false,ruffoj,2024-04-04T17:43:45Z,"latin indie","Mora y Los Metegoles",0.787,0.665,1,-7.019,0,0.0265,0.0101,0.164,0.104,0.756,110.038,4
spotify:track:21BJ1c84E72UymQMVwaB58,"Batalla Naval","Algo Para Decirte","Nina Suárez",2023-06-30,203186,29,false,ruffoj,2024-04-04T17:43:45Z,"","Laptra",0.376,0.84,4,-6.101,0,0.0412,0.0169,0.00117,0.154,0.492,168.871,4
spotify:track:0gmn3BhQUBESqezNawSX7s,"El Incendio","Todo Va Hacia el Mar","Fin del Mundo",2023-11-03,310626,25,false,ruffoj,2024-04-04T17:43:45Z,"latin indie,shoegaze","Fin del Mundo",0.2,0.723,11,-6.427,0,0.0368,0.201,0.316,0.125,0.237,134.925,4
spotify:track:6F5Vvxe40pco21rYX504tP,"El Próximo Verano","Todo Va Hacia el Mar","Fin del Mundo",2023-11-03,269705,32,false,ruffoj,2024-04-04T17:43:45Z,"latin indie,shoegaze","Fin del Mundo",0.369,0.816,4,-5.995,1,0.0303,0.0518,0.616,0.14,0.215,115.131,4
spotify:track:2ogBuIpn7gakuffUdj31hd,"GENERA-VIT","TReSMO","Melanie Williams",2023-05-05,111989,15,false,ruffoj,2024-04-04T17:43:45Z,"latin indie","Indie Folks",0.429,0.777,10,-8.038,0,0.0318,0.00358,0.761,0.239,0.568,91.007,4
spotify:track:2GiobCIssGKiz42K85OaSZ,"Belgrano Cargas","Viaje al Centro de la Periferia","Marton Marton",2019-08-30,216005,6,false,ruffoj,2024-04-04T17:43:45Z,"","Lagunera Discos",0.521,0.873,9,-8.211,1,0.0608,0.129,0.84,0.402,0.646,75.034,4
spotify:track:2lI9tqrNU63R4WTzgR3kZ8,"El Deseo","El Deseo","Revistas",2023-06-30,164656,6,false,ruffoj,2024-04-04T17:43:45Z,"","Revistas",0.441,0.911,2,-6.994,1,0.035,0.0163,0.13,0.438,0.537,180.101,4
spotify:track:5Kb5RhVvDm5he4xTJ1aNqQ,"Posguerra","Posguerra","Atrás Hay Truenos",2022-09-16,251451,18,false,ruffoj,2024-04-04T17:43:45Z,"latin indie","Casa del Puente Discos",0.621,0.564,2,-9.321,1,0.0301,0.00191,0.0315,0.178,0.397,129.997,4
spotify:track:3cJfnuLccB15Mb03o5XBYb,"El Detalle","Luz Satelital","Tobogán Andaluz",2016-02-05,211738,19,false,ruffoj,2024-04-04T17:43:45Z,"latin indie","Cinema Discos",0.618,0.718,1,-10.046,0,0.0294,0.0289,0.00815,0.193,0.699,127.992,4
spotify:track:14GNkRPgoi6EQlfr3CsuXu,"No","Amalgama","Pyramides,Atrás Hay Truenos",2021-11-05,204958,19,false,ruffoj,2024-04-04T17:43:45Z,"post-punk,latin indie,cold wave,darkwave","Casa del Puente Discos",0.451,0.496,1,-7.427,0,0.0249,0.0615,0.00876,0.115,0.0798,82.017,4
spotify:track:2aYYKoEGJFH2h5w0TsQ4DW,"Sin Quererlo","Las Palabras y los Ríos","Eterna Inocencia",2004-03-19,161120,44,false,ruffoj,2024-04-04T17:43:45Z,"melodic hardcore,hardcore punk,punk,hardcore,skate punk","Discos del Sembrador",0.556,0.912,2,-4.504,0,0.0415,0.0139,0,0.228,0.613,101.701,4
spotify:track:7bk2Jb7CjiyLNVlpWu5Qv2,"Delfos","Delfos","Rosa Profunda",2021-11-24,215242,0,false,ruffoj,2024-04-04T17:43:45Z,"","NGSKI RECORDS",0.593,0.486,10,-11.819,0,0.0451,0.265,0.472,0.0772,0.47,164.071,4
spotify:track:2FhslknWwSaKOYO8ndKihS,"Hartarme","Amalgama","Pyramides,La Plata",2021-11-05,335371,9,false,ruffoj,2024-04-04T17:43:45Z,"post-punk,latin indie,cold wave,darkwave","Casa del Puente Discos",0.555,0.835,6,-6.955,1,0.0311,0.000562,0.000251,0.0711,0.462,147.98,4
spotify:track:14TmBgildnurv9bT2jn2Tr,"Frágil","Amalgama","Pyramides",2021-11-05,243342,13,false,ruffoj,2024-04-04T17:43:45Z,"post-punk,latin indie,cold wave,darkwave","Casa del Puente Discos",0.485,0.811,0,-6.497,0,0.0338,0.00257,0.388,0.131,0.278,137.927,4
spotify:track:3X5mCiP8cp4E8YvFtCZS0Q,"Noviembre","Camino a Idilia","Shaila",2006-11-18,212933,28,false,ruffoj,2024-04-04T17:43:45Z,"melodic hardcore,hardcore punk,punk,hardcore","SPE Discos",0.452,0.976,1,-2.978,0,0.305,0.216,0.0000364,0.283,0.43,163.95,4
spotify:track:3msrD4D95JLz00h5Q9rNHI,"Qué Más Puedo Hacer?","El Club Audiovisual","El Club Audiovisual",2023-08-11,172823,23,false,ruffoj,2024-04-04T17:43:45Z,"shoegaze,latin indie","Casa del Puente Discos",0.466,0.909,8,-4.782,1,0.104,0.0000965,0.00000424,0.0535,0.535,80.942,4
spotify:track:5gZbsupCmi8mCfLheXHCgj,"Balvanera","¿Qué Se Siente Estar Mejor?","WRRN",2023-08-21,273846,32,false,ruffoj,2024-04-04T17:43:45Z,"screamo,melodic hardcore,post-hardcore","Inerme Discos",0.576,0.88,2,-6.032,0,0.0346,0.0527,0.242,0.167,0.631,128.024,4
spotify:track:0dMliFaknULxYituUHlT5O,"Redención","Redención","PARANOIA",2024-01-11,207920,7,false,ruffoj,2024-04-04T17:43:45Z,"post-punk,darkwave,cold wave","PARANOIA☆PARANOIA",0.407,0.942,4,-3.605,1,0.0434,0.000695,0.0000643,0.1,0.448,165.081,4
spotify:track:45dWn7gzWdxNO15dPzWRSV,"Yo Te Diré","El Templo del Pop","Miranda!",2008-04-01,206053,65,true,ruffoj,2024-04-04T17:45:46Z,"latin pop","Pelo Music S.A.",0.917,0.98,11,-4.087,0,0.0382,0.00472,0.0142,0.128,0.94,127.017,4
spotify:track:5cZqsjVs6MevCnAkasbEOX,"Break Stuff","Significant Other","Limp Bizkit",1999,166706,87,true,ruffoj,2024-04-04T17:45:54Z,"nu metal,rap metal,alternative metal,rap rock","Interscope",0.432,0.884,8,-6.657,1,0.128,0.0128,0.000457,0.166,0.619,108.835,4
spotify:track:22WaXHPitt1G7dDxg2ulg8,"Sin mí","Superpoderosos","Villanos",2005,210480,32,false,ruffoj,2024-04-04T17:46:04Z,"argentine rock","WM Argentina",0.492,0.705,1,-6.489,1,0.0492,0.118,0.00268,0.376,0.878,175.923,4
spotify:track:5sNGy9RyHKUasJxSkEu0tT,"Tú Eres Su Seguridad","Almafuerte","Almafuerte",1998-01-01,265373,53,false,ruffoj,2024-04-04T17:46:14Z,"argentine rock","Universal Music Argentina S.A.",0.54,0.912,2,-5.512,1,0.0436,0.000236,0.000113,0.547,0.375,133.024,4
spotify:track:40L811eyDtWpRNfytLiqsf,"Plan B Anhelo de Satisfacción - En Vivo","Recuerdos al Futuro (En Vivo)","Massacre",2018-05-25,187861,23,false,ruffoj,2024-04-04T17:46:21Z,"argentine rock","Pop Art",0.305,0.887,5,-6.849,0,0.0651,0.143,0.0000149,0.708,0.316,135.823,4
spotify:track:5Z57F4xnFMrnJDW9YsAOlf,"Aguaviva","Guerra de Nervios","Los Brujos",1995-12-02,163173,31,false,ruffoj,2024-04-04T17:46:26Z,"argentine rock","Epic",0.527,0.986,9,-5.252,1,0.107,0.15,0,0.0979,0.294,129.101,4
spotify:track:4TIJ7zSBNejpoIPaWpWRKc,"Rebel Yell","Rebel Yell","Billy Idol",1983-11-01,288533,80,false,ruffoj,2024-04-04T17:53:04Z,"","CAPITOL CATALOG MKT (C92)",0.531,0.864,4,-4.948,0,0.0611,0.000753,0.00046,0.354,0.485,166.312,4
spotify:track:78ZxiCT7pdrtUUIsIxF5xQ,"Dopamina","Esto es lo que obtenés cuando te cansás de lo que ya obtuviste","Winona Riders",2023-04-28,375107,34,false,ruffoj,2024-04-05T00:09:47Z,"","Indie Folks",0.463,0.872,9,-6.668,1,0.0407,0.000679,0.761,0.26,0.28,145.978,4
spotify:track:7n428wb4zXP3TE2vz4peVG,"Atlántida","Fantasy","Loquero",2001-01-01,165373,34,false,ruffoj,2024-04-05T00:09:53Z,"hardcore punk,punk","X El Cambio Records",0.408,0.804,9,-6.75,0,0.0503,0.00491,0,0.256,0.751,161.483,4
spotify:track:73FRmu7UZtKt8C7RSZ2gNT,"Adonde","Situations - The Very Best Of","Cetu Javu",2009-05-01,238600,38,false,ruffoj,2024-04-05T15:39:33Z,"synthpop,new wave","Cleopatra Records",0.698,0.702,0,-15.785,0,0.0339,0.0135,0.000044,0.0853,0.924,123.312,4
spotify:track:5QTxFnGygVM4jFQiBovmRo,"(Don't Fear) The Reaper","Agents Of Fortune","Blue Öyster Cult",1976,308120,80,false,ruffoj,2024-04-05T15:39:48Z,"classic rock,hard rock","Columbia",0.333,0.927,9,-8.55,0,0.0733,0.0029,0.000208,0.297,0.385,141.466,4
spotify:track:5A8yYhRzFxyTBL0MJK3IAy,"Puedo ver el mar en tus ojos","Puedo ver el mar en tus ojos","Buenos Vampiros",2024-04-05,181495,15,false,ruffoj,2024-04-06T06:39:38Z,"post-punk","Casa del Puente Discos",0.409,0.908,11,-7.759,0,0.0781,0.000531,0.0516,0.112,0.24,145.059,4
spotify:track:4HEtWYYzROeE4KmZJald5V,"I Wanna Be with You","Backstreet Boys","Backstreet Boys",1996-05-06,245000,50,false,ruffoj,2024-04-06T06:39:49Z,"","Jive",0.757,0.883,2,-6.133,1,0.0303,0.00773,0.000145,0.109,0.738,106.127,4
spotify:track:4Q9WS9ARvL7rkokSbnhM96,"Detroit Rock City","Double Platinum","KISS",1978-04-02,215933,72,false,ruffoj,2024-04-06T06:39:55Z,"glam metal,glam rock,hard rock,rock,classic rock","UMe Direct 2",0.546,0.9,5,-6.728,1,0.0691,0.0421,0.0000457,0.292,0.447,90.591,4
spotify:track:5Rob2FY3ndcG9F2GpK8ZaQ,"Kayra","Kayra","Ummet Ozcan",2023-03-10,166909,48,false,ruffoj,2024-04-08T15:08:27Z,"big room,edm","OZ Records",0.638,0.808,11,-8.119,0,0.0828,0.104,0.00387,0.168,0.206,109.996,4
spotify:track:4o1DKiMG5yVeNEX8mIwHH8,"Sweet and Tender Hooligan - John Peel Session 12/2/86","Louder Than Bombs","The Smiths",1987,216320,48,false,ruffoj,2024-04-08T16:02:46Z,"new wave,madchester,jangle pop","WM UK",0.313,0.975,2,-3.497,1,0.0694,0.0081,0.407,0.235,0.687,180.435,4
spotify:track:36JGdAr8Ode1yaAKn4fy3L,"Espectacular","Miscelánea de canciones para robótica avanzada","Fangoria",2017-02-17,237309,51,false,ruffoj,2024-04-08T16:09:20Z,"","WM Spain",0.628,0.953,8,-4.857,1,0.0526,0.0543,0.000763,0.121,0.631,125.034,4
spotify:track:2YJbdFziYRtA5VtXu3Pvqj,"Baby Criminal","Cave World (Deluxe)","Viagra Boys",2023-01-13,279605,32,true,ruffoj,2024-04-09T00:03:45Z,"post-punk,egg punk","YEAR0001",0.396,0.966,9,-2.335,0,0.0816,0.000322,0.000155,0.582,0.455,132.366,4
spotify:track:28v5XsF5Weg0SeXK3xSKcV,"I Know - '92 TV Edit","Seotaiji and Boys","Seo Taiji and Boys",1992-03-23,204320,39,false,ruffoj,2024-04-09T02:12:43Z,"k-rock","Genie Music Corporation, Stone Music Entertainment",0.703,0.754,6,-5.162,1,0.0537,0.0142,0,0.211,0.408,111.801,4
spotify:track:5DJZPivZP6W1uDFMsaiDUl,"Sobre Tu Nombre","Confianza en Tí Solo","Camionero",2019-06-14,204414,39,false,ruffoj,2024-04-10T04:48:12Z,"","Kucha Music",0.431,0.802,7,-7.619,1,0.0484,0.000286,0.386,0.331,0.556,160.969,4
spotify:track:0v2ESDRpC6X8k82tOnY91N,"OLA DE SUICIDIOS","OLA DE SUICIDIOS","Dillom",2023-04-09,154373,50,true,ruffoj,2024-04-10T04:48:17Z,"argentine trap","Bohemian Groove",0.406,0.896,11,-4.749,1,0.113,0.0886,0.00000451,0.122,0.399,169.983,4
spotify:track:7AB0cUXnzuSlAnyHOqmrZr,"Faint","Meteora (Bonus Edition)","Linkin Park",2003-03-25,162106,72,false,ruffoj,2024-04-10T04:48:26Z,"nu metal,rap metal,rock,alternative metal","Warner Records",0.554,0.98,4,-3.514,1,0.108,0.127,0,0.0833,0.611,135.12,4
spotify:track:2wFAYGMSlXGJtWv3AZoHXK,"Atlántida","Amalgama","Pyramides",2021-11-05,243290,13,false,ruffoj,2024-04-11T04:00:27Z,"post-punk,latin indie,cold wave,darkwave","Casa del Puente Discos",0.506,0.925,1,-5.999,1,0.0365,0.055,0.292,0.414,0.893,81.001,4
spotify:track:2fTpvKqcdGkgtV2vd2iDmV,"23 de Abril","Smitten","Smitten",2006-10-10,196373,32,false,ruffoj,2024-04-11T04:00:34Z,"melodic hardcore,argentine rock","Iguana Records",0.522,0.919,4,-4.584,1,0.0723,0.0624,0,0.385,0.654,145.934,4
spotify:track:4IgIOkHExsdloE3IPgcjmm,"Toro","Diamantes","El Columpio Asesino",2011-01-01,276746,1,false,ruffoj,2024-04-11T04:00:39Z,"","Mushroom Pillow",0.547,0.687,6,-8.705,1,0.026,0.00236,0.694,0.123,0.253,139.977,4
spotify:track:1ydmhnyDOWr5y0s7Vvdw5i,"Can't Hold Us (feat. Ray Dalton)","The Heist (Deluxe Edition)","Macklemore,Ryan Lewis,Macklemore & Ryan Lewis,Ray Dalton",2012-10-09,258431,68,false,ruffoj,2024-04-11T04:00:46Z,"","Macklemore",0.633,0.927,2,-4.468,1,0.0839,0.0267,0,0.0986,0.88,146.097,4
spotify:track:5iFhkFf9JLA3XiROdYsg1i,"7 элемент","Философия чуда","Vitas",2001,250000,54,false,ruffoj,2024-04-11T04:00:52Z,"","Vitas",0.717,0.8,5,-5.794,0,0.0497,0.371,0.158,0.327,0.954,129.642,4
spotify:track:02XnQdf7sipaKBBHixz3Zp,"Paparazzi","The Fame","Lady Gaga",2008-01-01,208306,84,true,ruffoj,2024-04-12T05:11:43Z,"art pop,pop","Streamline/Interscope",0.762,0.692,5,-3.973,0,0.0437,0.112,0,0.094,0.397,114.903,4
spotify:track:7qMzP77cs565VjRE01yHCv,"Un hombre de verdad","Deseo Carnal","Alaska Y Dinarama",1984-05-29,272706,39,false,ruffoj,2024-04-12T05:11:50Z,"rock en español","Parlophone Spain",0.727,0.829,8,-3.175,1,0.0444,0.0423,0,0.0982,0.572,117.467,4
spotify:track:0pqegVIpnD193LCyoj4cYX,"Carhué Cuarenta (Heathcliff It's Me)","Carhué Cuarenta (Heathcliff It's Me)","San Martín Vampire",2020-06-05,180244,2,false,ruffoj,2024-04-12T05:11:55Z,"","Odisea Digital",0.81,0.631,10,-9.634,1,0.0381,0.0979,0.388,0.0916,0.702,109.983,5
spotify:track:2hG4amqQVw569g6ELBqI9L,"Misión","Tres","Sobrenadar",2014-03-11,232653,9,false,ruffoj,2024-04-12T05:12:00Z,"dream pop","Casa del Puente Discos",0.607,0.659,9,-9.003,0,0.0292,0.211,0.925,0.154,0.646,123.901,4
spotify:track:5iHu1GfJscnjBV5lxxy1dy,"The Night","The Night","Morphine",1999-08-08,288731,0,false,ruffoj,2024-04-12T05:12:04Z,"","Morphine",0.592,0.326,5,-15.099,0,0.0327,0.823,0.612,0.113,0.258,91.637,4
spotify:track:3d6jjNItguqfbbD5FPfkXl,"Little Child Runnin' Wild","Superfly (Original Soundtrack)","Curtis Mayfield",1972-07-01,326906,41,false,ruffoj,2024-04-12T20:15:06Z,"classic soul,soul,motown","Rhino",0.555,0.588,6,-7.443,0,0.0376,0.349,0.00853,0.116,0.666,110.578,4
spotify:track:7J8F8mHNV79WSV3N2lVwHH,"Pusherman","Superfly (Original Soundtrack)","Curtis Mayfield",1972-07-01,300693,51,false,ruffoj,2024-04-12T20:15:10Z,"classic soul,soul,motown","Rhino",0.85,0.669,10,-9.562,1,0.0379,0.238,0.0855,0.108,0.91,126.624,4
spotify:track:7s3WcewjV74UJCyyBz3bR1,"Junkie Chase - Instrumental","Superfly (Original Soundtrack)","Curtis Mayfield",1972-07-01,100533,32,false,ruffoj,2024-04-12T20:15:15Z,"classic soul,soul,motown","Rhino",0.588,0.855,1,-7.093,1,0.179,0.175,0.875,0.0653,0.854,132.178,4
spotify:track:72BnKkKnrOeCDY9vy2avFk,"Ti Sento","Melanchólia","Matia Bazar",1985-01-01,255000,61,false,ruffoj,2024-04-12T20:22:43Z,"italo dance,italo disco,italian singer-songwriter","EMI Marketing",0.608,0.621,10,-11.547,1,0.0276,0.143,0.00096,0.0552,0.53,119.707,4
spotify:track:3cu2CEg9GDxBpcAKoCcLhP,"Ana No Duerme","Aerial 13","Massacre",2013-08-01,191493,33,false,ruffoj,2024-04-13T05:44:58Z,"argentine rock","Pop Art",0.521,0.961,8,-4.25,1,0.074,0.000883,0.058,0.29,0.352,152.067,4
spotify:track:4uofaK0hnyZQFDAepvPNl6,"El Ultimo Vals","A las Cinco en el Astoria","La Oreja de Van Gogh",2008-09-30,204733,60,false,ruffoj,2024-04-13T05:45:15Z,"latin pop","Columbia (BMG Spain)",0.594,0.801,7,-4.788,0,0.0257,0.128,0,0.0901,0.609,137.981,4
spotify:track:1lBdFAtSlOBsNlgbfq6pDN,"Vaivén","Vaivén","PARANOIA",2023-05-19,215638,12,false,ruffoj,2024-04-13T05:45:22Z,"post-punk,darkwave,cold wave","PARANOIA",0.376,0.832,2,-4.653,1,0.0325,0.00295,0.000025,0.273,0.635,166.027,4
spotify:track:5TUTDtKDn1T2IAY9tdEHCU,"Laura","Scissor Sisters","Scissor Sisters",2004,216066,43,false,ruffoj,2024-04-13T05:45:29Z,"","Polydor Records",0.743,0.865,8,-3.292,1,0.032,0.069,0,0.187,0.811,91.014,4
spotify:track:6JwROCxHp5XumvznwZh4x3,"Calma","Rosa Profunda","Rosa Profunda",2019-06-28,276687,5,false,ruffoj,2024-04-16T18:19:18Z,"","Pleasurex Records",0.575,0.505,8,-7.773,0,0.0384,0.0456,0.0838,0.117,0.11,156.871,4
spotify:track:50f0mt35cIwwu3Krk7nS7b,"Ma quale idea","Italian Classics: Pino D'Angiò Collection Vol. 1","Pino D'Angiò",2011-03-15,262456,68,false,ruffoj,2024-04-16T18:19:23Z,"italo disco,italo dance","Peer Southern Productions",0.868,0.788,1,-4.321,1,0.0547,0.0334,0.000026,0.0801,0.961,114.674,4
spotify:track:3zQpWQCDm9QMDaAhe4ggoO,"T.L.C. (TURNSTILE LOVE CONNECTION)","GLOW ON","Turnstile",2021-08-27,102804,61,false,ruffoj,2024-04-16T18:19:39Z,"hardcore punk,hardcore","Roadrunner Records",0.415,0.957,9,-6.087,1,0.107,0.0108,0.0147,0.0945,0.322,129.892,4
spotify:track:5ZsQpjV1QPglW8R9ANYsPh,"Canciones Tristes","De Canciones Tristes","Cursi no muere",2023-11-28,121759,37,false,ruffoj,2024-04-16T18:19:44Z,"screamo,midwest emo,melodic hardcore,post-hardcore,math rock","Cursi no muere",0.284,0.963,7,-5.239,1,0.105,0.0000847,0.00000747,0.386,0.362,148.924,4
spotify:track:5t6qRYCaRm3X2sc76hN2rb,"Ibuprofeno 600","Insolación","Delfines Entrenados Para Matar",2020-10-30,174871,13,false,ruffoj,2024-04-17T04:00:11Z,"post-punk","BPM DISCOS",0.45,0.897,2,-6.13,1,0.0713,0.148,0.00000247,0.153,0.367,81.378,4
spotify:track:48UPekh9H37vg4MV5bkUuI,"Goodnight Moon","I Oughtta Give You A Shot In The Head For Making Me Live In This Dump (International Only)","Shivaree",1999,244293,33,false,ruffoj,2024-04-17T04:00:22Z,"","Capitol Records",0.744,0.681,2,-7.778,1,0.0309,0.26,0.0000805,0.0688,0.825,112.898,4
spotify:track:17OqI90oTFZ3J8PVu6j07V,"Voulez-Vous","Voulez-Vous","ABBA",1979,309173,76,false,ruffoj,2024-04-17T04:00:26Z,"","Polar Music International AB",0.708,0.774,11,-6.931,0,0.0372,0.149,0.00109,0.169,0.903,126.636,4
spotify:track:2WElktskrNJEwgpp5Vouxk,"I'm Too Sexy","Up","Right Said Fred",1992-01-07,170466,1,false,ruffoj,2024-04-17T04:00:40Z,"","Sexy Records",0.683,0.739,11,-12.831,0,0.0495,0.0000491,0.0122,0.293,0.836,122.113,4
spotify:track:7fyJbHXdq3YmQrmfAgAu7p,"¿Qué Importa?","¿Qué importa?","Revistas,El príncipe idiota",2023-12-15,205862,4,false,ruffoj,2024-04-18T02:32:59Z,"latin indie,mpb","Revistas",0.478,0.797,0,-6.743,1,0.0368,0.000298,0.0283,0.277,0.248,135.965,4
spotify:track:5lRzWDEe7UuedU2QPsFg0K,"The Funeral","Everything All The Time","Band of Horses",2006-03-21,322173,74,false,ruffoj,2024-04-18T02:33:06Z,"","Sub Pop Records",0.319,0.757,0,-6.117,0,0.0432,0.016,0,0.102,0.101,122.465,4
spotify:track:7ucAUu2oTX2P0xvcIwVSUg,"New York City","Strut","Lenny Kravitz",2014-09-23,382722,45,false,ruffoj,2024-04-18T02:33:13Z,"","Roxie Records, Inc.",0.688,0.88,2,-5.304,1,0.0308,0.00313,0.000466,0.11,0.74,106.652,4
spotify:track:5PKIk5RBGcDyfX8sQALmWh,"POLIDEPORTIVO","ORDEN Y PROGRESO","FERMIN",2021-12-03,231493,13,false,ruffoj,2024-04-19T03:37:37Z,"argentine trap","FERMIN",0.869,0.666,3,-6.352,1,0.0368,0.0998,0.00897,0.171,0.97,124.98,4
spotify:track:4pmRDyDRRiZ5Pq7hm4WTpb,"Todos Me Miran","La Trayectoria","Gloria Trevi",2006-01-01,204906,71,false,ruffoj,2024-04-19T03:37:56Z,"latin pop","Latino",0.745,0.844,3,-6.709,0,0.0609,0.0216,0,0.0617,0.829,125.042,4
spotify:track:7gqIqyeCaV2xNtfZWxEphD,"Cuídate","El Viaje de Copperpot","La Oreja de Van Gogh",2000-09-07,169533,71,false,ruffoj,2024-04-20T17:38:51Z,"latin pop","Epic",0.662,0.798,8,-4.627,1,0.0335,0.306,0,0.174,0.542,141.007,4
spotify:track:6EjRrG2DPJYrWZclt7hmaZ,"Otro Lado","Mujer Cebra","Mujer Cebra",2021-11-26,188389,20,false,ruffoj,2024-04-20T17:38:55Z,"","Casa del Puente Discos",0.344,0.909,0,-4.677,1,0.0593,0.00203,0.00045,0.11,0.412,174.25,4
spotify:track:29cDz9LLpr0qOur3ZkhNsg,"Vamos a bailar (Esta vida nueva) - Festivalbar Cut","Television","Paola & Chiara",2000,245373,55,false,ruffoj,2024-04-20T17:39:06Z,"","Columbia",0.669,0.902,2,-5.013,0,0.0379,0.0683,0.00000865,0.107,0.515,116.021,4
spotify:track:2AW37v0bDyuOzGP3XnmFuA,"It's Gonna Be Me","No Strings Attached","*NSYNC",2000-03-21,192426,76,false,ruffoj,2024-04-20T17:39:16Z,"","Jive",0.636,0.873,0,-4.672,0,0.071,0.0407,0.00000127,0.0372,0.908,165.071,4
spotify:track:5VkftS3xixRBFbJjWzY2cf,"Otro Día para Ser","Victimas del Vaciamiento","Hermetica",1994-01-01,298160,48,false,ruffoj,2024-04-20T17:39:23Z,"argentine rock,heavy metal","DBN",0.33,0.575,4,-11.642,0,0.0334,0.000268,0,0.104,0.196,99.05,4
spotify:track:3tBbcuulKDC1o2odykT18R,"I'll Cut You Down","Blood Lust","Uncle Acid & The Deadbeats",2011,301493,43,false,ruffoj,2024-04-23T02:03:52Z,"stoner metal,stoner rock,sludge metal,doom metal,psychedelic rock,acid rock,space rock,drone metal","Rise Above Records",0.386,0.866,6,-5.56,1,0.0465,0.0517,0.912,0.0778,0.151,120.048,4
spotify:track:32hmIJoOZOS1WM0LL9zzeM,"pensando en mí","q*","ill quentin",2023-11-08,144348,29,false,ruffoj,2024-04-24T03:07:31Z,"argentine trap","Bohemian Groove",0.66,0.618,8,-7.547,1,0.0521,0.0187,0.614,0.101,0.596,167.025,4
spotify:track:412o5uEQRtVXJS4IBePOzC,"Encuentro mi descanso aquí","Las Palabras y los Ríos","Eterna Inocencia",2004-03-19,162000,40,false,ruffoj,2024-04-24T03:07:37Z,"melodic hardcore,hardcore punk,punk,hardcore,skate punk","Discos del Sembrador",0.319,0.977,1,-3.643,0,0.106,0.000999,0.00000752,0.149,0.314,198.161,4
spotify:track:3BbDVcWjLITaem8kdcE0Iy,"Ceremonia","Historias de Terror","Pretoria",2023-10-31,194937,17,false,ruffoj,2024-04-24T03:07:42Z,"","Pretoria",0.666,0.668,11,-5.85,0,0.0313,0.0634,0.0398,0.105,0.567,120.018,4
spotify:track:1dB0NylVkpjdOe8DiekIs7,"HOLIDAY","GLOW ON","Turnstile",2021-08-27,172020,66,false,ruffoj,2024-04-25T02:48:01Z,"hardcore punk,hardcore","Roadrunner Records",0.537,0.858,10,-7.743,1,0.0428,0.00188,0.658,0.0716,0.323,154.996,4
spotify:track:4bRLjHSOkMRmSsBqGE26Ro,"Lo hago mal me siento bien.","Todo lo Sólido se Desvanece en el Aire","Camionero",2023-11-09,187875,36,false,ruffoj,2024-04-25T02:48:06Z,"","Cordillera DISCOS",0.46,0.861,7,-8.78,1,0.0677,0.287,0.00014,0.0817,0.188,122.534,4
spotify:track:49DssUO73AyQQ0ZGhODJVW,"Te Leo al Revés - En Vivo","Recuerdos al Futuro (En Vivo)","Massacre",2018-05-25,182084,27,false,ruffoj,2024-04-25T02:48:12Z,"argentine rock","Pop Art",0.38,0.928,8,-7.665,1,0.0641,0.206,0.00172,0.976,0.675,145.497,4
spotify:track:2CAR6gkbtAZECBiuzssea8,"Panic Attack","Invincible Shield (Deluxe Edition)","Judas Priest",2024-03-08,325987,52,false,ruffoj,2024-04-25T02:48:17Z,"heavy metal,metal,hard rock,glam metal","Columbia",0.523,0.949,10,-5.452,0,0.0994,0.000108,0.253,0.37,0.299,95.002,4
spotify:track:2NYP0f0E86aoQ5FCG7mhY4,"Propaganda","Amalgama","Pyramides,El Último Vecino",2021-11-05,264968,9,false,ruffoj,2024-04-25T02:48:22Z,"post-punk,latin indie,cold wave,darkwave","Casa del Puente Discos",0.502,0.913,9,-5.621,0,0.0474,0.0295,0.328,0.215,0.421,140.96,4
spotify:track:6s1xlnpfyTyJ7mkbYoAI6e,"Nunca sueltes mi mano (Agua)","La teoría de los septenios","Da Skate",2020-11-23,185346,24,false,ruffoj,2024-04-26T04:08:40Z,"hardcore punk,skate punk,melodic hardcore,punk,hardcore","6600 Records",0.378,0.982,4,-2.844,0,0.0848,0.0000101,0.0000397,0.316,0.745,160.035,4
spotify:track:3oE4zL430c18NuiRWDHRLY,"f*ck everything! - Spotify Singles (feat. The Drums)","f*ck everything! - Spotify Singles (feat. The Drums)","EKKSTACY,The Drums",2021-06-23,181828,0,true,ruffoj,2024-04-26T04:08:45Z,"indie","Ekkstacy",0.538,0.722,8,-6.67,0,0.029,0.0155,0.24,0.687,0.535,144.976,4
spotify:track:0LRgY9XAxrghqLDAaJ3o1v,"Buenos tiempos","Por cesárea","Dillom",2024-04-26,183975,59,true,ruffoj,2024-04-29T15:54:11Z,"argentine trap","Bohemian Groove",0.549,0.651,11,-8.402,1,0.048,0.0246,0.76,0.219,0.259,115.671,4
spotify:track:1AanIASgP8SVz1dZBuSoEh,"Asfixia","Lo Más Cercano a Caer","Nenagenix",2023-05-26,222894,30,false,ruffoj,2024-04-29T15:54:17Z,"shoegaze","Bohemian Groove",0.505,0.854,6,-6.854,0,0.0424,0.000229,0.0000184,0.27,0.402,132.045,4
spotify:track:1mukheOiSvWtFPgoKYHdOq,"El Tiempo","Vestigios Del Adiós","Emotive",2015-06-17,193068,8,false,ruffoj,2024-04-29T15:54:22Z,"argentine rock","Daisyflower Records",0.493,0.903,9,-4.03,1,0.238,0.0039,0.0000374,0.104,0.49,183.908,4
spotify:track:2gGULIPYIDcRlGpaqVpHSE,"Fuera de Sektor","Fuera de Sektor","Los Violadores",1986,244560,38,false,ruffoj,2024-04-29T15:54:42Z,"latin rock,argentine rock,rock en español","Umbral",0.428,0.827,2,-7.626,1,0.0317,0.0101,0.00307,0.11,0.579,98.295,4
spotify:track:7fYJx5ytffBv57QGEki4f1,"Nuestras Fronteras","Las Palabras y los Ríos","Eterna Inocencia",2004-03-19,306426,40,false,ruffoj,2024-05-03T01:43:12Z,"melodic hardcore,hardcore punk,punk,hardcore,skate punk","Discos del Sembrador",0.405,0.937,4,-4.485,1,0.059,0.00658,0.000865,0.14,0.216,140.017,4
spotify:track:3m9L5y29zZdc4ZmxgBzvDl,"JOINT","CULIADO","Juan Lopez",2024-04-12,106920,26,true,ruffoj,2024-05-03T01:43:21Z,"","SUB",0.611,0.891,2,-5.976,1,0.0346,0.118,0.00000209,0.347,0.801,81.497,4
spotify:track:4KH1jzECxhbmwF60qh2un7,"Invisible","CLASE B","Mujer Cebra",2023-10-11,192425,32,false,ruffoj,2024-05-03T01:43:31Z,"","Sony Music Argentina",0.456,0.892,11,-5.266,1,0.0514,0.00173,0.000139,0.141,0.504,82.919,4
spotify:track:2icnkjMudyHcjCHbxvYo2l,"Mi peor enemigo","Por cesárea","Dillom,Andrés Calamaro",2024-04-26,237605,56,true,ruffoj,2024-05-08T17:56:27Z,"argentine trap,argentine rock,rock en español,latin rock","Bohemian Groove",0.478,0.595,9,-10.307,1,0.055,0.334,0.0138,0.236,0.362,74.921,4
spotify:track:5R72YHkCCghFqVAP72m241,"Gracias General","El Ciudadano","Diana Nylon",1983-09-01,130104,5,false,ruffoj,2024-05-09T23:33:32Z,"argentine rock","1655367 Records DK",0.357,0.918,9,-5.958,1,0.196,0.00679,0.000268,0.378,0.543,88.646,4
spotify:track:5BAFqBeEQLJyCIQdvEyisj,"La Bruja","La Bruja","Perro Fantasma",2023-08-11,232936,4,false,ruffoj,2024-05-10T04:14:26Z,"","Perro Fantasma",0.621,0.623,11,-5.365,0,0.0259,0.131,0.0133,0.209,0.533,134.979,4
spotify:track:3eI2C0gohXlg4AsavdYSiz,"Punishment","Urban Discipline","Biohazard",1992,284066,50,false,ruffoj,2024-05-10T04:14:39Z,"rap metal,hardcore,groove metal,hardcore punk,rap rock,alternative metal","Roadrunner Records",0.298,0.983,6,-6.566,0,0.464,0.00128,0.0000563,0.78,0.106,89.629,4
spotify:track:44DGNUUvSQjqFxwgFC7wsf,"Lo Único Feo Es No Tener Porque Vivir","Frisbee","boom boom kid",2009-10-14,193333,41,false,ruffoj,2024-05-11T06:26:55Z,"argentine rock,melodic hardcore,hardcore punk,punk","Ugly Records",0.577,0.93,2,-4.553,1,0.0679,0.0102,0.000671,0.0893,0.448,92.539,4
spotify:track:4qXdhvf2VrfYZqAaPTnn3m,"Prisionero","El Templo del Pop","Miranda!",2008-04-01,207613,61,true,ruffoj,2024-05-11T06:27:02Z,"latin pop","Pelo Music S.A.",0.646,0.886,7,-4.277,1,0.0678,0.121,0,0.187,0.674,125.02,4
spotify:track:4KnrDgzd35Ou6xFft35f9K,"Fotografías","Perdidos en traslación","Cursi no muere",2017-07-06,99479,30,false,ruffoj,2024-05-14T03:42:11Z,"screamo,midwest emo,melodic hardcore,post-hardcore,math rock","Cursi no muere",0.4,0.902,4,-4.196,0,0.282,0.277,0.00023,0.115,0.311,84.252,4
spotify:track:2H8upfbsuPJS7YfPVi4Wys,"Ciudad de la Paz","Por cesárea","Dillom",2024-04-26,227145,61,false,ruffoj,2024-05-14T03:42:16Z,"argentine trap","Bohemian Groove",0.753,0.512,7,-8.253,0,0.0313,0.176,0.633,0.104,0.571,115.001,4
spotify:track:1NizWvMm4xUXmFuhUPx06T,"Preñado por el Diablo","Club Camionero","Camionero",2021-10-22,211168,28,false,ruffoj,2024-05-16T01:04:29Z,"","Típica Records",0.27,0.838,4,-9.122,0,0.0552,0.183,0.0132,0.335,0.434,181.868,4
spotify:track:6ZsZxNP4Iwdyp3kd5oFFQN,"The Grudge","Lateralus","TOOL",2001-05-15,515080,63,false,ruffoj,2024-05-16T02:12:08Z,"progressive metal,alternative metal,progressive rock,metal","RCA Records Label",0.423,0.795,2,-7.408,1,0.0374,0.000162,0.843,0.269,0.307,96.045,5
spotify:track:365MK5X3FgXaW7IWmNzNV5,"La edad que tengo","La edad que tengo","La Paloma",2023-10-20,174153,43,false,ruffoj,2024-05-17T03:27:26Z,"","La Castanya",0.242,0.897,6,-4.714,0,0.0927,0.0251,0.000103,0.289,0.481,84.429,4
spotify:track:4HEjFV4NqenAyIhjl4iTpS,"Vertigo","Los Primeros","Suicidas",2016-07-15,135791,0,false,ruffoj,2024-05-17T03:27:35Z,"deathrock,punk","Sabotage Records",0.0771,0.947,1,-3.983,0,0.0825,0.00344,0,0.0976,0.561,196.07,4
spotify:track:4P10JJr6c62iRGDwEB2k9p,"Viejas Esperanzas","Las Palabras y los Ríos","Eterna Inocencia",2004-03-19,149226,37,false,ruffoj,2024-05-21T04:10:38Z,"melodic hardcore,hardcore punk,punk,hardcore,skate punk","Discos del Sembrador",0.326,0.963,4,-3.773,0,0.123,0.0126,0,0.183,0.522,197.98,4
spotify:track:4evySZCcAwLCZrW78KKNxI,"EL FONDO","EL FONDO","Broke Carrey",2022-01-21,179477,23,false,ruffoj,2024-05-21T23:43:30Z,"argentine trap","Bohemian Groove",0.67,0.672,1,-6.957,1,0.256,0.322,0.00000244,0.0717,0.515,173.995,4
spotify:track:3n1y9WuruSJGMPPqf44Q8E,"El Auto","El Auto","los subtítulos",2024-05-17,195781,5,false,ruffoj,2024-05-22T03:15:02Z,"","Los subtítulos",0.408,0.776,11,-9.366,1,0.0357,0.0275,0.802,0.111,0.483,119.108,4
spotify:track:3ud0yZOcltiOc8EUiesKqE,"El Hartazgo","Salas Velatorias","Salas Velatorias",2023-07-21,126964,19,false,ruffoj,2024-05-22T03:15:07Z,"","Salas Velatorias",0.551,0.809,0,-7.772,1,0.0339,0.000342,0.00242,0.181,0.372,152.03,4
spotify:track:5oBLLGfhEHft9tYJnKz7FV,"Esperando la Primavera","Tobogán Andaluz","Tobogán Andaluz",2014-07-11,209000,35,false,ruffoj,2024-05-24T17:54:31Z,"latin indie","Cinema Discos",0.71,0.399,9,-10.502,1,0.0355,0.638,0.000233,0.131,0.329,109.97,4
spotify:track:2lV2UoWhXdvUqZPaPC9iYB,"LA ÚLTIMA","BAM: LA SUITE","Broke Carrey",2023-10-27,197049,27,false,ruffoj,2024-05-25T03:40:59Z,"argentine trap","Bohemian Groove",0.811,0.694,2,-6.574,0,0.0407,0.00209,0.0254,0.172,0.485,130.057,4
spotify:track:3kOAkaJoI5VuwxxPVScDqs,"sembrando el terror","q*","ill quentin",2023-11-08,108273,25,true,ruffoj,2024-05-25T03:41:04Z,"argentine trap","Bohemian Groove",0.647,0.639,11,-10.717,0,0.245,0.0726,0.67,0.19,0.367,156.879,4
spotify:track:631VhMm9eTviQ9wFQ8DD6h,"Santuario","Vacíos y Variables","Pyramides",2017-02-01,247904,10,false,ruffoj,2024-05-29T03:22:20Z,"post-punk,latin indie,cold wave,darkwave","Fuego Amigo Discos",0.591,0.615,0,-8.608,1,0.0268,0.739,0.474,0.197,0.378,115.992,4
spotify:track:6ZUKqusuMUkbv4AE3SY1RX,"Otra Vez Asustado","El Último Vecino","El Último Vecino",2013,192853,0,false,ruffoj,2024-05-29T03:22:31Z,"post-punk,darkwave,cold wave,latin indie","Club Social / Canada Editorial",0.617,0.833,5,-7.213,1,0.0308,0.00749,0.181,0.592,0.755,119.98,4
spotify:track:7jSkLGvsz7lxC7mTJ6NMLt,"Fogo","Rosa Profunda","Rosa Profunda",2019-06-28,275064,6,false,ruffoj,2024-05-30T05:42:18Z,"","Pleasurex Records",0.655,0.574,5,-8.606,1,0.0403,0.0522,0.613,0.132,0.295,154.049,4
spotify:track:26tlXGxnvTov1qHFmP7cNh,"Tu Mal","Miedo","Adicta",2003-02-10,233866,28,false,ruffoj,2024-05-31T19:40:06Z,"electropop,latin indie","Isopo Discos",0.64,0.839,3,-7.479,0,0.0296,0.0459,0.000103,0.156,0.51,131.992,4
spotify:track:3R0pPuGIrM9J4Sa32xlcJS,"Cemento","Días de Guerra","Revistas,Corvex",2024-05-31,159288,16,false,ruffoj,2024-06-04T00:06:09Z,"argentine rock","Revistas",0.528,0.904,10,-4.827,0,0.033,0.00218,0.00000108,0.237,0.465,143.947,4
spotify:track:5dTHtzHFPyi8TlTtzoz1J9,"Helena","Three Cheers for Sweet Revenge","My Chemical Romance",2004-06-08,204733,82,false,ruffoj,2024-06-05T20:03:32Z,"emo,pop punk","Reprise",0.356,0.96,4,-3.487,1,0.104,0.0142,0,0.209,0.0857,125.921,4
spotify:track:0t5gjj7D9Pn1Rm1whKEHF3,"Desaparecer en el Gris","Vacíos y Variables","Pyramides",2017-02-01,252124,12,false,ruffoj,2024-06-05T20:04:32Z,"post-punk,latin indie,cold wave,darkwave","Fuego Amigo Discos",0.542,0.751,8,-7.371,1,0.0284,0.675,0.151,0.103,0.349,144.035,4
spotify:track:15dUwshJj4q11SNgyPqReS,"Contraluz","Lo Más Cercano a Caer","Nenagenix",2023-05-26,257833,32,false,ruffoj,2024-06-06T22:40:30Z,"shoegaze","Bohemian Groove",0.311,0.734,10,-8.6,1,0.0409,0.0196,0.122,0.113,0.37,76.505,4
spotify:track:1ZLtE9tSJdaUiIJ9YoKHQe,"Decode","Decode","Paramore",2008-11-04,261959,78,false,ruffoj,2024-06-06T22:40:51Z,"pop punk,emo","Atlantic Records",0.28,0.87,10,-4.219,0,0.0592,0.000686,0.00608,0.101,0.284,164.057,4
spotify:track:2mUN7g0NL3V7qurP7n36jU,"Tanques De Guerra","DESTRUYA!","Buenos Vampiros",2022-07-01,164494,22,false,ruffoj,2024-06-06T22:41:12Z,"post-punk","Casa del Puente Discos",0.34,0.935,3,-4.048,1,0.11,0.00772,0.923,0.289,0.272,146.763,4
spotify:track:5M5qILMMdI8v2iHsP16aXB,"Lo que quise saber","RIQUI","El Último Vecino,Xenia",2024-04-19,154124,22,false,ruffoj,2024-06-07T04:07:58Z,"post-punk,darkwave,cold wave,latin indie","Helsinkipro",0.584,0.873,8,-5.778,1,0.0443,0.000243,0.649,0.101,0.797,164.897,4
spotify:track:41DwjI3nVWqSEN1YoNhx8a,"Cambiame Por Calma","Ciudadano Toto","Ciudadano Toto",2003-03-10,279373,9,false,ruffoj,2024-06-07T04:08:03Z,"electropop,synthpop","Isopo Discos",0.747,0.657,3,-7.718,0,0.0265,0.266,0.00404,0.107,0.729,116.018,4
spotify:track:0DUJYfKxzOLhwFBwIl4Ojn,"Beskar","Beskar","Rosa Profunda",2024-06-07,238399,2,false,ruffoj,2024-06-08T18:30:47Z,"","Rosa Profunda",0.558,0.677,2,-7.482,1,0.0307,0.00184,0.829,0.125,0.383,130.07,4
spotify:track:1hbWtHgRDG25DkmxE4I28V,"Puedes Contar Conmigo","Lo Que Te Conte Mientras Te Hacias La Dormida","La Oreja de Van Gogh",2003,236786,72,false,ruffoj,2024-06-08T18:30:51Z,"latin pop","Columbia",0.651,0.894,6,-4.843,1,0.0317,0.0706,0,0.13,0.561,144.95,4
spotify:track:3PRGcLvFKBGcG5LMer7rn7,"All About Us","Dangerous and Moving","t.A.T.u.",2005-01-01,180960,63,false,ruffoj,2024-06-11T18:17:00Z,"","Interscope",0.492,0.888,7,-4.631,0,0.0343,0.426,0.00000256,0.316,0.793,162.137,4
spotify:track:37ZJ0p5Jm13JPevGcx4SkF,"Livin' On A Prayer","Slippery When Wet","Bon Jovi",1986-08-16,249293,84,false,ruffoj,2024-06-12T14:54:19Z,"glam metal,rock","Island Records",0.532,0.887,0,-3.757,1,0.0335,0.0778,0.000206,0.294,0.794,122.509,4
spotify:track:1yMeXd08op7WK8UN07QZQ9,"Don't Wanna Fight","Sound & Color","Alabama Shakes",2015-04-20,232546,44,false,ruffoj,2024-06-14T21:50:27Z,"","Rough Trade",0.618,0.919,10,-3.291,0,0.158,0.24,0.0886,0.109,0.563,100.31,4
spotify:track:6EXi6ZqTITKGtVBKqbphjL,"Porcelain","Play","Moby",1999-05-17,241160,74,false,ruffoj,2024-06-14T21:50:39Z,"downtempo,trip hop","Mute, a BMG Company",0.551,0.628,0,-7.874,0,0.0294,0.00133,0.188,0.282,0.336,95.03,4
spotify:track:5DOjTvWiR9IUFZCg4e5yKO,"Falling Down","Life/Death","Teen Mortgage",2019-06-21,174872,49,true,ruffoj,2024-06-15T03:48:51Z,"egg punk,punk,garage rock","King Pizza Records",0.392,0.95,6,-7.172,0,0.19,0.000849,0.0347,0.164,0.151,198.013,4
spotify:track:7ckgU4Hcj9urCh2bTO8Ct8,"Por Favor","Pateando Piedras","Los Prisioneros",1986-01-01,212360,41,false,ruffoj,2024-06-15T03:48:58Z,"latin rock,rock en español","EMI CHILE",0.811,0.438,2,-13.494,0,0.0346,0.137,0.000785,0.0893,0.558,109.271,4
spotify:track:3oR37Lfy61NvJTm3fpRfWL,"Sippin' Lysol","BRAND NEW SOUL","Angel Du$t",2023-09-08,82685,36,false,ruffoj,2024-06-15T03:49:02Z,"hardcore punk,hardcore","Pop Wig Records",0.464,0.942,8,-5.096,1,0.0678,0.0000136,0.642,0.49,0.801,94.885,4
spotify:track:2avKuMN2QXkaG9vvHa2JLt,"Take A Look Around","Chocolate Starfish And The Hot Dog Flavored Water","Limp Bizkit",2000-10-17,321040,83,false,ruffoj,2024-06-20T05:14:58Z,"nu metal,rap metal,alternative metal,rap rock","Interscope",0.425,0.852,11,-5.605,1,0.0461,0.0174,0.311,0.0935,0.499,101.97,4
spotify:track:7uv632EkfwYhXoqf8rhYrg,"Angel","Mezzanine","Massive Attack,Horace Andy",1998-01-01,379533,82,false,ruffoj,2024-06-20T05:15:06Z,"trip hop,downtempo,roots reggae,dub,reggae,rocksteady,lovers rock,ragga","Circa",0.714,0.309,7,-10.796,1,0.0291,0.0157,0.807,0.0777,0.0671,107.346,4
spotify:track:0COqiPhxzoWICwFCS4eZcp,"Bring Me To Life","Fallen","Evanescence",2003-03-04,235893,90,false,ruffoj,2024-07-01T23:51:05Z,"alternative metal","The Bicycle Music Company",0.331,0.943,4,-3.188,0,0.0698,0.00721,0.00000206,0.242,0.296,94.612,4
spotify:track:6WJFcaTxTP1Z95rLE6lk7s,"Sad But True - Remastered 2021","Metallica (Remastered 2021)","Metallica",2021-09-10,324600,53,false,ruffoj,2024-07-04T00:07:42Z,"metal,thrash metal,rock,heavy metal,hard rock","Blackened Recordings / Universal Music",0.625,0.876,7,-5.998,1,0.035,0.000848,0.00198,0.0639,0.46,89.233,4
spotify:track:6r0NAdEGK3F2OMjs7b1ISF,"No Te Animás a Despegar","Parque","los subtítulos",2024-06-28,182437,7,false,ruffoj,2024-07-08T22:15:39Z,"","Los subtítulos",0.534,0.738,7,-7.633,0,0.0322,0.625,0.3,0.104,0.56,145.048,4
spotify:track:683JnJRZeuAb7mWGXyYpeq,"Destino Circular","Locura","Virus",1985-04-29,222440,50,false,ruffoj,2024-07-12T21:50:47Z,"latin rock,argentine rock,rock en español","Columbia",0.596,0.823,0,-6.748,1,0.0358,0.0393,0.000841,0.108,0.868,165.158,4
spotify:track:2goLsvvODILDzeeiT4dAoR,"Believe","Believe","Cher",1998,239026,84,false,ruffoj,2024-07-12T21:50:51Z,"","Warner Records",0.652,0.917,6,-6.72,1,0.0548,0.0082,0,0.0509,0.459,132.975,4
spotify:track:0u56clbegXVe6daER5ZHm4,"Wisemen","Back to Bedlam","James Blunt",2005-10-04,221773,51,true,ruffoj,2024-07-12T21:50:56Z,"","Atlantic Records",0.633,0.701,10,-5.969,1,0.0267,0.253,0.0000479,0.165,0.634,151.892,4
spotify:track:1Jaah2tmN9Hv81A87KZ1MU,"Torn","Left Of The Middle","Natalie Imbruglia",1997-11-10,244666,83,false,ruffoj,2024-07-15T23:08:54Z,"","RCA Records Label",0.575,0.886,5,-5.182,1,0.034,0.0647,0.000187,0.709,0.609,96.31,4
spotify:track:60a0Rd6pjrkxjPbaKzXjfq,"In the End","Hybrid Theory (Bonus Edition)","Linkin Park",2000-10-24,216880,92,false,ruffoj,2024-07-18T23:37:17Z,"nu metal,rap metal,rock,alternative metal","Warner Records",0.556,0.864,3,-5.87,0,0.0584,0.00958,0,0.209,0.4,105.143,4
spotify:track:3E7ZwUMJFqpsDOJzEkBrQ7,"Can't Get You out of My Head","Fever","Kylie Minogue",2001-10-01,230640,84,false,ruffoj,2024-07-23T23:48:41Z,"dance pop","Parlophone UK",0.766,0.563,9,-7.516,0,0.0339,0.0263,0.683,0.115,0.964,126.007,4
spotify:track:2E7W1X4maFFcjHrVrFA7Vs,"Bark at the Moon","Bark At The Moon (Expanded Edition)","Ozzy Osbourne",1983-12-10,257120,69,false,ruffoj,2024-07-25T00:47:13Z,"metal,glam metal,heavy metal,hard rock","Epic",0.303,0.961,9,-5.333,0,0.243,0.00253,0.000062,0.132,0.305,146.591,4
spotify:track:3gs2PO5BKRG9oVUDvi59b2,"Some Heads Are Gonna Roll - Remastered","Defenders of the Faith (30th Anniversary Edition) [Remastered]","Judas Priest",1984,246053,32,false,ruffoj,2024-07-25T00:47:17Z,"heavy metal,metal,hard rock,glam metal","Sony Music UK",0.449,0.751,9,-4.702,1,0.0374,0.000769,0.00161,0.611,0.263,122.763,4
spotify:track:17ahSrFGTLNAEAquP1P88n,"Goodbye Kiss","Velociraptor!","Kasabian",2011-09-19,243960,58,false,ruffoj,2024-07-25T21:49:28Z,"britpop,indie,indie rock","Columbia",0.615,0.836,7,-4.648,1,0.0419,0.0788,0,0.62,0.877,123.005,4
spotify:track:1oHClQEgDmmbcEx12Kc5nZ,"4 Minutes (feat. Justin Timberlake & Timbaland)","Celebration (double disc version)","Madonna,Justin Timberlake,Timbaland",2009-09-18,189693,81,false,ruffoj,2024-07-25T21:49:36Z,"","Warner Records",0.753,0.931,2,-4.922,1,0.0653,0.00994,0.00696,0.234,0.767,113.026,4
spotify:track:0MZ4gakE7VEeCaEZ9mVjZy,"Maquillada en la Cama","Maquillada en la Cama","Juliana Gattas",2024-03-07,218663,40,false,ruffoj,2024-07-26T03:42:36Z,"","Sony Music Argentina",0.835,0.671,5,-5.531,0,0.0345,0.00292,0.000391,0.147,0.458,119.986,4
spotify:track:7ddFviC4ObJzizg98keTNt,"Don't Leave Home","Life For Rent","Dido",2003,226560,56,false,ruffoj,2024-07-26T03:42:43Z,"","Sony BMG Music UK",0.542,0.524,6,-8.016,1,0.0382,0.0638,0.0000274,0.0929,0.434,171.863,4
spotify:track:5KDNFlHAdDJ84fhK27c35X,"Judith","Mer De Noms","A Perfect Circle",2000-01-01,247266,70,true,ruffoj,2024-07-26T03:42:50Z,"alternative metal","Virgin Records",0.366,0.894,11,-4.682,0,0.0568,0.0000345,0.17,0.267,0.304,82.305,3
spotify:track:0rUNZQuYQvOz6A6zwyT6tM,"This Is How I Disappear","The Black Parade","My Chemical Romance",2006-10-20,239053,68,false,ruffoj,2024-07-29T20:47:28Z,"emo,pop punk","Reprise",0.242,0.983,2,-2.679,1,0.106,0.0000508,0.0000443,0.303,0.301,163.366,4
spotify:track:56rcBuVd1mpTeqP9cj3szc,"First of the Gang to Die","You Are the Quarry","Morrissey",2004-05-03,218586,65,false,ruffoj,2024-08-01T21:45:12Z,"britpop,madchester,new wave,jangle pop","BMG Rights Management (UK) Ltd.",0.531,0.915,11,-4.237,1,0.0369,0.0119,0,0.14,0.811,134.322,4
spotify:track:62pSYErgGri97X9aIyBzHm,"Got 2 Luv U (feat. Alexis Jordan)","Tomahawk Technique","Sean Paul,Alexis Jordan",2012-01-24,204626,77,false,ruffoj,2024-08-01T21:45:23Z,"dancehall","VP Records",0.605,0.793,7,-3.084,0,0.297,0.0825,0,0.124,0.647,184.032,4
spotify:track:1hO5PM8f3DwiDRkM57cG1b,"Atomic","Atomic/Atomix","Blondie",1999-01-01,230156,46,false,ruffoj,2024-08-01T21:45:30Z,"","Parlophone Catalogue",0.528,0.821,4,-5.489,0,0.0336,0.00147,0.269,0.326,0.742,136.563,4
spotify:track:5xEM5hIgJ1jjgcEBfpkt2F,"Complicated","Let Go","Avril Lavigne",2002-06-04,244506,87,false,ruffoj,2024-08-05T20:26:06Z,"","Arista",0.585,0.776,5,-5.898,1,0.0459,0.0572,0.00000774,0.3,0.427,77.987,4
spotify:track:5axOkQnmQmwtjr4bv1Xt7i,"I Don't Wanna Stop","Black Rain (Expanded Edition)","Ozzy Osbourne",2007-05-18,239826,69,false,ruffoj,2024-08-05T20:26:15Z,"metal,glam metal,heavy metal,hard rock","Epic",0.578,0.937,5,-3.926,1,0.0724,0.000963,0.00000225,0.4,0.769,137.937,4
spotify:track:37luwEg6NhNo1PunTk7rBn,"Un Taxi al Infierno","Maquillada en la Cama","Juliana Gattas",2024-03-07,274511,33,false,ruffoj,2024-08-05T20:26:23Z,"","Sony Music Argentina",0.702,0.885,10,-6.462,0,0.041,0.0116,0.806,0.0951,0.186,122.985,4
spotify:track:5p0KCAuu5nrHpTuAIhHdLw,"Overprotected - Radio Edit","Britney (Digital Deluxe Version)","Britney Spears",2001-10-31,198600,67,false,ruffoj,2024-08-06T23:22:14Z,"pop","Jive",0.682,0.894,0,-1.73,0,0.0727,0.0381,0,0.416,0.845,95.992,4
spotify:track:3l9CW99AHtExIRV4hW2N5m,"Misery Business","Riot!","Paramore",2007-06-12,211520,79,false,ruffoj,2024-08-07T23:31:30Z,"pop punk,emo","Atlantic Records UK",0.517,0.906,1,-3.677,1,0.0735,0.00272,0.00000926,0.113,0.731,172.977,4
spotify:track:4XDBEoD6QFnzDY5oMmNVXN,"The Hollow","Mer De Noms","A Perfect Circle",2000-01-01,178960,63,false,ruffoj,2024-08-07T23:31:51Z,"alternative metal","Virgin Records",0.295,0.789,1,-5.559,1,0.0702,0.000166,0.0898,0.0986,0.515,104.135,4
spotify:track:7lcEnkQEdNzjGGswqrZu6V,"Dr. Psiquiatra","Esto Sí Es Cumbia","Los Ángeles Azules,Gloria Trevi",2018-06-08,202010,55,false,ruffoj,2024-08-08T23:22:46Z,"cumbia,cumbia sonidera,salsa,latin pop","Promotodo Mexico",0.835,0.56,4,-4.506,0,0.175,0.115,0,0.085,0.829,152.178,4
spotify:track:07p0kLnvfQQ2bLujHyzSGK,"Rechazame","Prince Royce","Prince Royce",2010,223200,77,false,ruffoj,2024-08-09T23:23:43Z,"bachata,latin","Sony Music Latin",0.73,0.867,7,-1.946,1,0.0325,0.0749,0.00000681,0.0712,0.929,130.02,4
spotify:track:3jgLpM7XqCoR9rUK49BT7f,"Donde termina el silencio.","CLASE B","Mujer Cebra",2023-10-11,252958,19,false,ruffoj,2024-08-09T23:23:51Z,"","Sony Music Argentina",0.583,0.715,8,-5.896,1,0.0532,0.0257,0,0.0868,0.532,85.973,4
spotify:track:6HuANi4awD1cZX4BgYwiNM,"Don't Think of Me","No Angel","Dido",1999,272373,52,false,ruffoj,2024-08-12T20:57:44Z,"","Sony BMG Music UK",0.511,0.612,8,-7.923,0,0.0299,0.0000822,0.000001,0.0916,0.207,93.861,4
spotify:track:02RDt0n6EXpYemu5mhMxjh,"Days Are Forgotten","Velociraptor!","Kasabian",2011-09-19,302613,51,true,ruffoj,2024-08-12T20:57:55Z,"britpop,indie,indie rock","Columbia",0.588,0.96,9,-5.216,1,0.0933,0.0013,0.000306,0.135,0.321,105.009,4
spotify:track:4UGW0qtMaMHUM9YJGvL5IB,"Roots Bloody Roots (Live) (2022 - Remaster)","Live in São Paulo (2022 - Remaster)","Sepultura",2022-06-24,274080,34,false,ruffoj,2024-08-16T03:30:15Z,"thrash metal,groove metal,metal,death metal,nu metal,heavy metal,speed metal,alternative metal","BMG Rights Management (UK) Ltd.",0.281,0.764,7,-10.556,1,0.0767,0.0572,0.00409,0.835,0.0756,139.715,4
spotify:track:61mWefnWQOLf90gepjOCb3,"Duality","Vol. 3: The Subliminal Verses","Slipknot",2004,252613,85,false,ruffoj,2024-08-16T03:30:21Z,"nu metal,metal,alternative metal,rap metal,heavy metal","Roadrunner Records",0.354,0.982,4,-3.026,0,0.168,0.000237,0.000294,0.204,0.194,143.772,4
spotify:track:5uunXHE4kIW6uS4HWAXaOQ,"Silvera","Magma","Gojira",2016-06-17,212653,66,false,ruffoj,2024-08-20T00:09:07Z,"groove metal,metal,progressive metal,death metal,djent","Roadrunner Records",0.333,0.959,2,-4.348,1,0.072,0.00000319,0.0563,0.299,0.242,137.052,4
spotify:track:78dbqYDvx6FOefROApu9w0,"Inevitable","Donde Estan Los Ladrones","Shakira",1998-09-29,192866,79,false,ruffoj,2024-08-20T00:09:15Z,"latin pop","Epic",0.595,0.461,6,-7.786,1,0.0641,0.269,0.000149,0.123,0.338,91.976,4
spotify:track:2d6m2F4I7wCuAKtSsdhh83,"Famous Last Words","The Black Parade","My Chemical Romance",2006-10-20,299226,77,false,ruffoj,2024-08-21T17:38:51Z,"emo,pop punk","Reprise",0.467,0.883,2,-3.679,0,0.106,0.000321,0.000152,0.125,0.309,122.252,4
spotify:track:0YZEYxd1oiqZRFhnnmTKKi,"Another Life","Disguise","Motionless In White",2019-06-07,205394,75,false,ruffoj,2024-08-26T18:17:50Z,"metalcore,metal,screamo","Roadrunner Records",0.39,0.939,4,-3.828,0,0.0787,0.0000508,0,0.0968,0.495,161.997,4
spotify:track:1JvMOOYZjXLQCZ5p5b0JJD,"Visions in My Head","Inked in Blood (Deluxe Version)","Obituary",2014-10-27,254118,50,false,ruffoj,2024-08-26T18:17:57Z,"death metal,metal,grindcore,thrash metal","Relapse Records",0.5,0.89,6,-5.897,0,0.0859,0.00000771,0.00307,0.112,0.174,130.03,4
spotify:track:4Yf5bqU3NK4kNOypcrLYwU,"Faint","Meteora","Linkin Park",2003-03-25,162106,87,false,ruffoj,2024-08-26T18:18:40Z,"nu metal,rap metal,rock,alternative metal","Warner Records",0.554,0.98,4,-3.514,1,0.108,0.127,0,0.0833,0.611,135.12,4
spotify:track:10rChmECwPcvTTj4w07hq4,"Welcome to My Life","Still Not Getting Any...","Simple Plan",2004-10-25,206773,74,false,ruffoj,2024-08-26T18:34:15Z,"pop punk,punk,emo","143/Atlantic Entertainment",0.421,0.858,1,-4.535,1,0.0963,0.0134,0,0.067,0.491,173.255,4
spotify:track:1vxu8vMNshg5J8z3oA7QJZ,"Parabola","Lateralus","TOOL",2001-05-15,363680,69,false,ruffoj,2024-08-28T21:48:11Z,"progressive metal,alternative metal,progressive rock,metal","RCA Records Label",0.314,0.929,9,-6.238,1,0.105,0.0000203,0.516,0.139,0.285,100.935,4
spotify:track:0uFRDicafe9Gto0v2pk3kT,"Cirugía","Por cesárea","Dillom",2024-04-26,216837,65,false,ruffoj,2024-08-28T21:48:20Z,"argentine trap","Bohemian Groove",0.561,0.434,2,-9.196,1,0.0256,0.112,0.311,0.268,0.416,98.002,4
spotify:track:3IVRacQwKGORqcxNEPMXlA,"Basket Case","Dookie (30th Anniversary Deluxe Edition)","Green Day",2023-08-17,182916,46,false,ruffoj,2024-08-28T21:48:28Z,"punk,pop punk","Reprise",0.31,0.923,3,-5.242,1,0.0771,0.00583,0.00000177,0.087,0.747,177.029,4
spotify:track:7pFTrV0NyzWGQQGXHbtMO6,"Ojos Delineados","Espectador Entra a Escena","los subtítulos,Alejandro Schuster",2022-08-12,257217,4,false,ruffoj,2024-08-29T04:54:20Z,"","2022 Los Subtítulos",0.603,0.758,7,-7.115,1,0.028,0.0702,0.000396,0.115,0.381,114.967,4
spotify:track:33I0AqF4Db6ROUq7NcKCVS,"El Deseo","Días de Guerra","Revistas",2024-05-31,164656,26,false,ruffoj,2024-09-02T21:25:32Z,"","Revistas",0.441,0.911,2,-6.994,1,0.035,0.0163,0.128,0.438,0.537,180.101,4
spotify:track:3gsTZyZ8ZsRZyJwXT8dJ3q,"Víctimas del Vaciamiento","Intérpretes","Hermetica",1990-01-01,227306,37,false,ruffoj,2024-09-05T21:32:31Z,"argentine rock,heavy metal","DBN",0.291,0.829,9,-8.251,1,0.058,0.000704,0.0000961,0.128,0.528,161.374,4
spotify:track:300aLkaZSnTdQgK3zPKQLn,"Sintoma De La Infeccion","Serie De Oro","Malon",2004-01-01,255400,22,false,ruffoj,2024-09-06T14:15:34Z,"heavy metal","EMI Argentina",0.385,0.902,4,-6.595,0,0.068,0.000214,0.000115,0.148,0.607,140.671,4
spotify:track:1AQW510iM5rLvcw02pBy30,"Cráneo Candente","Intérpretes","Hermetica",1990-01-01,262600,38,false,ruffoj,2024-09-06T14:15:39Z,"argentine rock,heavy metal","DBN",0.245,0.845,11,-8.308,0,0.0728,0.00114,0.000013,0.225,0.372,158.515,4
spotify:track:1gPRoX2iVsbJnkWBGrW7Kg,"Ain’t No Thief","Cave World","Viagra Boys",2022-07-08,239349,52,true,ruffoj,2024-09-11T20:47:53Z,"post-punk,egg punk","YEAR0001",0.51,0.959,4,-2.494,0,0.22,0.0000325,0.0944,0.355,0.564,129.997,4
spotify:track:0iiblPKGVcNWh8l7uDuUDe,"Such A Witch","SÚPER PREMIUM ULTRA","Dum Chica",2024-09-05,242186,31,true,ruffoj,2024-09-11T20:47:59Z,"riot grrrl","Dum Chica",0.337,0.85,9,-9.199,1,0.0642,0.232,0.181,0.388,0.503,163.853,4
spotify:track:7APc5ZfrRrFGxzfeMKjyDb,"Se Parece Mas a Ti","Pa Juga","Los Olestar",2013-05-03,161786,35,false,ruffoj,2024-09-11T20:54:38Z,"mexican ska,argentine rock,punk","Pinhead Records",0.506,0.968,2,-3.473,1,0.0525,0.00293,0,0.353,0.272,98.85,4
spotify:track:5NrrUjrCOCvGEpb60QkJ7I,"MICK JAGGER","AD HONOREM Vol. 1","Dillom",2023-10-11,136314,50,true,ruffoj,2024-09-12T21:42:38Z,"argentine trap","Bohemian Groove",0.639,0.504,1,-7.462,1,0.408,0.204,0.00157,0.0818,0.736,171.513,4
spotify:track:1YU716HFdryq3Pq1wDl5VV,"OVARIO","AD HONOREM Vol. 1","Dillom,ill quentin",2023-10-11,173023,46,true,ruffoj,2024-09-19T18:14:39Z,"argentine trap","Bohemian Groove",0.563,0.555,6,-6.861,1,0.263,0.376,0.184,0.133,0.385,184.581,3
spotify:track:1NifPXLqCL1KRCmA4Na5JS,"Delfos","Delfos","Rosa Profunda",2021-11-24,215242,28,false,ruffoj,2024-09-24T00:30:52Z,"","Rosa Profunda",0.593,0.486,10,-11.819,0,0.0451,0.265,0.472,0.0772,0.47,164.071,4
spotify:track:4GcikTMFIyhhgR71CDk3g2,"Contraluz","Vacíos y Variables","Pyramides",2017-02-01,149674,8,false,ruffoj,2024-09-26T14:43:27Z,"post-punk,latin indie,cold wave,darkwave","Fuego Amigo Discos",0.496,0.838,5,-7.977,0,0.0329,0.197,0.829,0.129,0.476,93.018,4
spotify:track:26qmCEncx9paaaIQro9K8A,"Ya No","Mosaicos","ODD MAMI,Saramalacara",2022-09-29,149773,44,false,ruffoj,2024-09-27T19:03:18Z,"hyperpop,argentine trap","Bohemian Groove",0.437,0.839,5,-7.582,1,0.0358,0.000288,0.000112,0.335,0.544,89.919,4
spotify:track:3h8qczgKlInZl34q4tEmEd,"Doctor","Life/Death","Teen Mortgage",2019-06-21,126006,52,false,ruffoj,2024-09-27T19:03:28Z,"egg punk,punk,garage rock","King Pizza Records",0.501,0.961,11,-7.224,0,0.0348,0.000863,0.797,0.0667,0.592,97.489,4
spotify:track:37C2eshetthNcnTu59a5yy,"Research Chemicals","Consistency of Energy","Viagra Boys",2016-01-06,379248,53,true,ruffoj,2024-10-02T23:45:29Z,"post-punk,egg punk","YEAR0001",0.445,0.883,0,-5.589,0,0.0313,0.00000475,0.831,0.0894,0.449,136.821,4
spotify:track:5ACDC1gxAUXYDWherVKOiX,"Punk Rock Song","The Gray Race","Bad Religion",1996-02-27,147173,58,true,ruffoj,2024-10-03T22:40:30Z,"punk,skate punk,hardcore punk,melodic hardcore,ska punk","Epitaph",0.318,0.984,1,-4.673,0,0.0806,0.000215,0.000244,0.386,0.716,177.229,4
spotify:track:5fPkqZTuDh77kwx53nPHD1,"Redondel","Ojos Cuadrados","Mi Nave",2018-06-26,198099,6,false,ruffoj,2024-10-09T14:31:19Z,"","Polvo Bureau",0.4,0.89,0,-4.717,1,0.0347,0.000237,0.614,0.175,0.671,171.932,4
spotify:track:1UjHRALJEtjgXd3uKC6MnF,"Una Temporada en el Invierno","Una Temporada en el Invierno","Fin del Mundo",2024-08-09,236081,12,false,ruffoj,2024-10-11T12:47:32Z,"latin indie,shoegaze","Fin del Mundo",0.497,0.745,2,-8.033,1,0.0294,0.0000236,0.6,0.253,0.119,131.936,4
spotify:track:69uzV9BQmNLPIu0dWK4Tbe,"DON'T PLAY","GLOW ON","Turnstile",2021-08-27,133353,63,false,ruffoj,2024-10-16T21:31:46Z,"hardcore punk,hardcore","Roadrunner Records",0.543,0.948,7,-3.841,1,0.0596,0.000019,0.144,0.196,0.642,117.998,4
spotify:track:6IDE0OVT1hcMdf1bCqxxSp,"El Día de las Flores","Hicimos Crecer un Bosque","Fin del Mundo,Eterna Inocencia",2024-10-18,218039,33,false,ruffoj,2024-10-19T02:30:06Z,"latin indie,shoegaze,melodic hardcore,hardcore punk,punk,hardcore,skate punk","Fin del Mundo",0.583,0.704,1,-8.148,0,0.0271,0.000063,0.444,0.151,0.343,145.026,4
spotify:track:0CmVeXcmPTzqPU3LDJV74s,"Yo Voy - Post-Punk Version","Yo Voy (Post-Punk Version)","Depresión Post-Mortem",2021-04-10,262909,46,false,ruffoj,2024-10-23T05:16:24Z,"post-punk,darkwave","Depresión Post-Mortem",0.54,0.731,0,-8.702,0,0.0716,0.141,0,0.0819,0.351,168.002,4
spotify:track:7MnT7msJZg3XBAS0OTfGrB,"Tempo Perdido","Dois","Legião Urbana",1986-01-01,302200,77,false,ruffoj,2024-10-23T05:16:29Z,"brazilian rock,mpb,brazilian pop","EMI Brazil",0.293,0.662,4,-13.076,0,0.0486,0.0079,0.00112,0.271,0.221,186.007,4
spotify:track:2gd7F85A5ALa0irsyHQBa9,"Altitude","Spiral In A Straight Line","Touché Amoré",2024-10-11,206803,31,false,ruffoj,2024-10-28T19:01:55Z,"melodic hardcore,post-hardcore,screamo,hardcore,midwest emo","Rise Records",0.223,0.925,3,-8.485,0,0.461,0.000463,0.000566,0.316,0.158,155.867,4
spotify:track:0kjrG36QkUzHmJHJ5Db6M9,"Genio del Abasto","Club Camionero","Camionero",2021-10-22,308552,40,false,ruffoj,2024-10-30T18:03:25Z,"","Típica Records",0.576,0.512,7,-9.374,1,0.0425,0.203,0.00000121,0.173,0.55,107.108,4
spotify:track:65Qjvcf4RFQPwwkz7T6l76,"¿Qué Vas A Hacer Tan Sola Hoy? - Spotify Singles","¿Qué Vas A Hacer Tan Sola Hoy? - Spotify Singles","Dillom",2024-11-07,191469,48,false,ruffoj,2024-11-19T21:48:31Z,"argentine trap","Bohemian Groove",0.624,0.838,9,-5.549,0,0.0345,0.0134,0.475,0.232,0.818,129.007,4
spotify:track:01lNUkRTKO42NZUdhlSZm4,"La Noche","Miedo","Adicta",2003-02-10,233720,21,false,ruffoj,2024-11-26T23:53:50Z,"electropop,latin indie","Isopo Discos",0.69,0.746,7,-6.169,1,0.0715,0.00133,0.00000149,0.103,0.928,125.022,4
spotify:track:0wFW5ptomRee5uo5QELIjp,"Adolescentes","Ciudad de Brahman","Los Natas",1999-01-01,265080,21,false,ruffoj,2025-03-25T18:44:38Z,"stoner rock,space rock,stoner metal,sludge metal,argentine rock","SOUTH AMERICAN SLUDGE RECORDS / Natas",0.225,0.614,11,-9.066,0,0.0338,0.584,0.434,0.274,0.234,158.292,4
spotify:track:6DMYKSZ4AzhkqplWvFMeUo,"Muere Animal","Ep.1","ILESO",2022-08-19,257045,4,false,ruffoj,2025-03-25T18:45:21Z,"noise rock,post-hardcore","ILESO",0.367,0.653,2,-9.712,1,0.0307,0.0111,0.024,0.108,0.565,159.713,4
spotify:track:1gbL6TqKuJOaUstIvMBMNc,"Flashdance...What A Feeling","Flashdance (Original Soundtrack From The Motion Picture)","Irene Cara",1983-04-11,233240,3,false,ruffoj,2025-04-13T22:40:25Z,"","Mercury Records",0.647,0.512,7,-11.173,0,0.0335,0.117,0.00000216,0.184,0.491,123.578,4
spotify:track:6ERT8hKy0fBbTLebsjnDu5,"Nom Nom Nom","Nom Nom Nom / Cat Burglar","Hot Chip,Sleaford Mods",2024-11-26,210480,39,true,ruffoj,2025-04-13T22:40:31Z,"alternative dance,new rave,indie dance,post-punk","Domino Recording Co",0.793,0.815,0,-6.095,1,0.088,0.225,0.00000543,0.0953,0.918,125.986,4
spotify:track:4DWvOeinTzhj4DeGYn9tqz,"Tú Eres Su Seguridad","Intérpretes","Hermetica",1990-01-01,304600,47,false,ruffoj,2025-04-13T22:40:40Z,"argentine rock,heavy metal","DBN",0.434,0.676,0,-8.545,1,0.0305,0.00236,0,0.398,0.486,127.331,4
spotify:track:0Wwb8pi1LU7JUlXfzKsURU,"Sacate la Mierda","Carajo","Carajo",2002-08-01,237466,43,false,ruffoj,2025-04-14T21:44:19Z,"argentine rock","Guagua Musica",0.561,0.972,0,-3.761,0,0.0822,0.000164,0.0000251,0.504,0.382,108.981,4
spotify:track:3qVQafWhSWCSIevjiPsxPT,"Sigo Pensando Igual","Fonso y Las Paritarias","Fonso,Las Paritarias",2025-03-28,231343,28,false,ruffoj,2025-04-14T21:44:33Z,"latin indie","Indie Folks",0.446,0.944,7,-5.608,1,0.12,0.000271,0.000368,0.157,0.207,154.971,4
spotify:track:2YpGNSvoxXlCqUAh6uGomm,"Que Bien Te Vas","Que Bien Te Vas","Theo y Simón",2025-02-28,164163,11,false,ruffoj,2025-04-15T22:45:01Z,"","Theo y Simón",0.464,0.913,4,-6.34,1,0.0359,0.000603,0.000379,0.105,0.492,151.906,4
spotify:track:4gyVO49rTCm0JsSbKMqSxX,"Sucio y Desprolijo","Pappo's Blues Vol. 3","Pappo's Blues",1972-12-01,275386,50,false,ruffoj,2025-04-15T22:45:13Z,"argentine rock,latin rock","Pappo Records",0.366,0.937,10,-8.318,0,0.118,0.00573,0.00407,0.132,0.469,74.409,4
spotify:track:3IjrDeaVRFEi3GgHI5xyjX,"Detroit Rock City","Smashes Thrashes And Hits","KISS",1988-11-15,227466,53,false,ruffoj,2025-04-22T23:21:37Z,"glam metal,glam rock,hard rock,rock,classic rock","Mercury",0.486,0.847,8,-10.982,1,0.0965,0.00964,0.000283,0.15,0.337,90.421,4
spotify:track:2JxftzENN2rhpXxnOmtQBR,"My Prerogative","Greatest Hits: My Prerogative","Britney Spears",2004-11-08,213893,59,false,ruffoj,2025-04-22T23:21:52Z,"pop","Jive",0.749,0.938,10,-4.423,0,0.118,0.0127,0.00000196,0.103,0.619,111.014,4
spotify:track:31RTFPrB7wmYBhlkM2ILXG,"Sugar","System Of A Down (Deluxe Version)","System Of A Down",1998,153800,56,true,ruffoj,2025-04-22T23:22:11Z,"nu metal,metal,alternative metal,rap metal,rock","American/Columbia",0.451,0.889,1,-2.693,1,0.261,0.00167,0.00215,0.258,0.586,131.073,4
spotify:track:4OROzZUy6gOWN4UGQVaZMF,"The Trooper - 2015 Remaster","Piece of Mind (2015 Remaster)","Iron Maiden",1983,252733,78,false,ruffoj,2025-04-22T23:22:18Z,"heavy metal,metal,hard rock,rock","Parlophone UK",0.285,0.908,4,-4.601,0,0.0705,0.0318,0.00909,0.311,0.669,159.756,4
spotify:track:08hn5vq1XnVmVQI4mfzsXa,"A Touch of Evil","Painkiller","Judas Priest",1990-09-26,344400,54,false,ruffoj,2025-04-22T23:22:34Z,"heavy metal,metal,hard rock,glam metal","Columbia",0.416,0.797,0,-4.967,1,0.0368,0.000199,0.0000303,0.0831,0.165,98.133,4
spotify:track:0W0hVPxU8qKgfJbacwbT4f,"Distinto","Rio de la Plata","Broke Carrey",2024-08-28,174203,29,true,ruffoj,2025-04-24T23:09:44Z,"argentine trap","Bohemian Groove",0.59,0.453,9,-8.864,1,0.117,0.0617,0.392,0.293,0.309,176.05,4
spotify:track:2Z17Q91PB11tzkDh0QQtd6,"Diamonds and Rust","Sin After Sin","Judas Priest",1977-11-15,203533,50,false,ruffoj,2025-04-30T23:30:11Z,"heavy metal,metal,hard rock,glam metal","Columbia",0.469,0.875,4,-5.072,0,0.0952,0.0685,0,0.102,0.377,134.36,4
spotify:track:5lJpb25HCaQ6rKRaRv3zpl,"Aterrizar","Obras de Juventud","Juvenilia",2018-01-01,138853,8,false,ruffoj,2025-04-30T23:30:21Z,"post-punk,deathrock","Inerme Discos",0.401,0.953,10,-3.958,0,0.0527,0.000273,0.0000115,0.396,0.516,160.087,4
spotify:track:5jmI3C1BNZfEYzaLUy1RUm,"Relentless","Deny All Knowledge Of Complicity","Pigeon",2021-06-11,200503,7,false,ruffoj,2025-04-30T23:30:32Z,"egg punk,post-punk,deathrock,cold wave","ADAGIO830",0.497,0.801,10,-6.578,0,0.101,0.0367,0.15,0.171,0.556,151.889,4
spotify:track:4GCXxLQnqf6pP6SI7ljbZV,"Uno II","viagr aboys","Viagra Boys",2025-04-25,135831,64,true,ruffoj,2025-04-30T23:30:39Z,"post-punk,egg punk","Shrimptech Enterprises",0.753,0.754,11,-6.431,0,0.0385,0.0166,0.0639,0.566,0.872,136.965,4
spotify:track:0w8WLoEoPnAp2hiDiHQn7O,"You Have Killed Me","Ringleader of the Tormentors","Morrissey",2006-04-03,188400,0,false,ruffoj,2025-04-30T23:30:45Z,"britpop,madchester,new wave,jangle pop","BMG Rights Management (UK) Limited",0.504,0.846,8,-4.72,0,0.041,0.0737,0,0.104,0.382,129.963,4
spotify:track:55XYDj1z6UvXTTxIL2oLHI,"Luz de Piedra de Luna","Mena","Javiera Mena",2010-09-01,272226,47,false,ruffoj,2025-05-08T22:48:12Z,"latin indie,electropop,latin alternative","Meni",0.686,0.758,11,-6.458,0,0.0337,0.133,0.000929,0.0706,0.771,116.985,4
spotify:track:17YDwIluwr5yEoKJQr1osF,"INTENTÉ SALVAR A DIOS","BAR SCORPIOS","BLAIR",2025-04-23,178055,38,false,ruffoj,2025-05-08T22:48:23Z,"","Sony Music Argentina",0.63,0.671,4,-6.23,0,0.0368,0.478,0.00417,0.679,0.0862,120.018,4
spotify:track:3H1ZT0BXPlj4tJpCXqk3rq,"Rápido Mamá","Rápido Mamá","María Wolff",2025-02-27,159493,41,false,ruffoj,2025-05-08T22:48:48Z,"latin indie","Geiser Discos",0.843,0.62,11,-5.961,0,0.0332,0.192,0.282,0.0988,0.953,133.983,4
spotify:track:5Xs1lp4eFxixXW9DkBYkdh,"The Night","The Night","Morphine",2000-02-01,288666,47,false,ruffoj,2025-05-08T22:48:59Z,"","Geffen",0.578,0.326,1,-15.136,1,0.034,0.818,0.634,0.115,0.266,91.568,4
spotify:track:6OMT6X3DgfGp6lKBOu0bVO,"Paranoia","Paranoia","Dynammo",2020-05-22,164364,4,false,ruffoj,2025-05-08T22:49:06Z,"post-punk,shoegaze,darkwave","Compañía Discográfica Cosmodemónica",0.435,0.948,2,-7.253,0,0.0535,0.0253,0.9,0.144,0.729,168.245,4
spotify:track:3JfieA8AhdSTGXHAAAr4Uy,"Brigadas Metálicas","Luchando por el Metal","V8",1983-04-10,184546,37,false,ruffoj,2025-05-08T22:49:22Z,"argentine rock,heavy metal,speed metal","Umbral",0.326,0.981,2,-2.681,0,0.151,0.127,0.00000171,0.195,0.219,131.755,4
spotify:track:0k9JIBszlCqCa4SpXI353F,"BIRDS","SEEIN’ STARS / BIRDS","Turnstile",2025-04-30,146933,63,false,ruffoj,2025-05-08T22:49:33Z,"hardcore punk,hardcore","Roadrunner Records",0.415,0.957,0,-4.935,1,0.141,0.00285,0.00418,0.0868,0.0455,119.917,4
spotify:track:7iurUydISPFFeZGujL6Xnp,"Planeta Solitario","Corsario Negro","Los Natas",2002-02-26,283946,17,false,ruffoj,2025-05-11T23:46:58Z,"stoner rock,space rock,stoner metal,sludge metal,argentine rock","Small Stone Records Co.",0.378,0.645,8,-6.553,1,0.0322,0.114,0.734,0.19,0.169,115.428,4
spotify:track:5CtaBjZac81phlz5FNFI18,"Beat the Bastards","Blood of the Nations","Accept",2010-08-20,324746,51,false,ruffoj,2025-05-11T23:47:05Z,"heavy metal,speed metal,metal,hard rock,thrash metal","Nuclear Blast",0.523,0.984,11,-3.695,0,0.116,0.0000186,0.0175,0.0553,0.324,120.004,4
spotify:track:4vZ6dHqPyaKj2sjw4koPIl,"¿Qué Parte De Todo Esto Te Llevarías?","¿Qué Se Siente Estar Mejor?","WRRN",2023-08-21,173962,28,false,ruffoj,2025-05-19T23:51:12Z,"screamo,melodic hardcore,post-hardcore","Inerme Discos",0.38,0.922,5,-5.438,0,0.0627,0.00208,0.0013,0.124,0.195,134.985,3
spotify:track:1h2CJLG14mxocxK3Nojikf,"Beskar","Tensión de Siglo","Rosa Profunda",2024-07-11,238399,18,false,ruffoj,2025-05-19T23:51:55Z,"","Rosa Profunda",0.547,0.717,2,-6.313,1,0.0309,0.00231,0.677,0.121,0.365,130.08,4
spotify:track:4yScRxolqurMrlENa2Q0XN,"Asteroid","Welcome to Sky Valley","Kyuss",1994-06-07,288933,48,false,ruffoj,2025-05-19T23:52:10Z,"stoner rock,stoner metal,sludge metal,doom metal,space rock","Rhino/Elektra",0.307,0.481,5,-13.651,1,0.0422,0.102,0.906,0.589,0.207,144.306,4
spotify:track:0pwObEOHolQZSldJ2q1wpy,"Stinkfist","Ænima","TOOL",1996-09-17,312120,72,false,ruffoj,2025-05-20T22:54:44Z,"progressive metal,alternative metal,progressive rock,metal","RCA Records Label",0.286,0.728,0,-6.608,1,0.0616,0.000174,0.836,0.133,0.467,171.441,4
spotify:track:1aMikxjRvuM1ZBnmexkz53,"DESCONOCIDO","DESCONOCIDO","Dum Chica",2025-03-27,185286,32,false,ruffoj,2025-05-22T23:11:11Z,"riot grrrl","Dum Chica",0.536,0.727,2,-7.547,1,0.0241,0.0102,0.741,0.105,0.319,95.05,4
spotify:track:2MIIoDcnRqvTF5ASmpVpgR,"13","Pizza?","Pizza",2024-02-29,156842,16,true,ruffoj,2025-05-22T23:11:24Z,"","Independent",0.604,0.831,9,-8.051,0,0.0599,0.395,0.895,0.0969,0.796,124.969,4
spotify:track:5Pmpq3bZzrjT9HuYbvMviP,"From The Edge Of The Deep Green Sea","Wish","The Cure",1992-01-01,460293,50,false,ruffoj,2025-05-22T23:11:29Z,"new wave,post-punk,gothic rock,darkwave","Polydor Records",0.468,0.686,4,-10.579,0,0.0307,0.0134,0.000479,0.163,0.305,111.099,4
spotify:track:7Gl2RyA6Vn4KdgpacprbUg,"Ella Vendrá - Remastered","Don Cornelio y La Zona","Don Cornelio Y La Zona",1996-01-01,251173,46,false,ruffoj,2025-05-22T23:11:43Z,"argentine rock","Universal Music S.A.",0.536,0.825,9,-8.882,0,0.0268,0.0000764,0.0000253,0.253,0.696,138.588,4
spotify:track:4raoyZZLL6wsxihsGjuNev,"Barbazul Versus el Amor Letal","Gulp!","Patricio Rey y sus Redonditos de Ricota",1985-04-22,259026,53,false,ruffoj,2025-05-26T23:09:20Z,"argentine rock","Patricio Rey Discos",0.495,0.803,11,-7.019,0,0.0406,0.239,0.0000191,0.188,0.672,118.569,4
spotify:track:1KIULMQCBtwb7z2pcl2H4s,"Producto Argentino","Producto Argentino","Boyler",2025-05-15,214413,41,true,ruffoj,2025-06-02T13:56:26Z,"nu metal,rap metal","Boylercompany",0.667,0.975,5,-1.233,1,0.062,0.145,0,0.0537,0.638,103.023,4
spotify:track:0OEBOJhSObnFuHuasXdt52,"Dia de Enero","Fijación Oral Vol. 1","Shakira",2005-06-03,173133,75,false,ruffoj,2025-06-02T13:56:56Z,"latin pop","Epic",0.687,0.361,10,-11.589,1,0.0792,0.35,0.0000111,0.11,0.526,165.747,4
spotify:track:5yMXAaSvxo12QkYU75Ixv0,"Luka","Solitude Standing","Suzanne Vega",1987-01-01,231933,67,false,ruffoj,2025-06-02T13:57:04Z,"singer-songwriter","A&M",0.63,0.697,6,-10.654,1,0.0311,0.189,0.000258,0.116,0.796,124.956,4
spotify:track:3N6unIDDQMGZ76MetQIfmr,"¿Quién Soy Yo Para No Sentir?","Días de Guerra","Revistas",2024-05-31,126908,17,false,ruffoj,2025-06-02T13:57:09Z,"","Revistas",0.449,0.9,2,-5.037,1,0.0345,0.000103,0.0152,0.726,0.276,81.025,4
spotify:track:3Q2YTJihx6gPSyEgSzi44U,"Bailarina","Es Mentira","Miranda!",2002-11-01,284680,40,false,ruffoj,2025-06-02T13:57:19Z,"latin pop","Pelo Music",0.697,0.974,11,-3.067,0,0.0499,0.178,0.00726,0.32,0.878,116.986,4
spotify:track:0dxPHMZTI8TWMYRucsAFNd,"Attack","Hypnotize","System Of A Down",2005-11-22,186466,63,false,ruffoj,2025-06-02T13:57:24Z,"nu metal,metal,alternative metal,rap metal,rock","American/Columbia",0.349,0.97,6,-2.874,1,0.0892,0.005,0.00000331,0.0432,0.299,159.779,4
spotify:track:0wzRcekWyVCSyPtlPOeJau,"Go With The Flow","Songs For The Deaf","Queens of the Stone Age",2002-01-01,187146,71,false,ruffoj,2025-06-02T13:57:36Z,"stoner rock,alternative rock","Polydor Associated Labels",0.246,0.991,9,-3.903,1,0.087,0.00944,0.0753,0.867,0.415,159.39,4
spotify:track:2yxMjFbVQinwb5rbPEJUhf,"Hipercometa","Hipercometa","joa wav",2023-10-31,160000,2,false,ruffoj,2025-06-02T13:58:02Z,"latin indie","joa wav",0.664,0.529,2,-10.417,1,0.0443,0.0878,0.828,0.224,0.741,89.983,4
spotify:track:3vGZBBwlr55gGCW7zK3wxp,"El Error","Atrapasueños","Carajo",2004-02-05,216800,40,false,ruffoj,2025-06-09T21:58:23Z,"argentine rock","Universal Music Argentina S.A.",0.478,0.977,8,-3.954,1,0.0919,0.00555,0.00000186,0.202,0.407,149.911,4
spotify:track:1xYF92gHczGqHPHaMfMnOl,"You N33d Me","viagr aboys","Viagra Boys",2025-04-25,233571,58,true,ruffoj,2025-06-09T21:58:37Z,"post-punk,egg punk","Shrimptech Enterprises",0.437,0.881,1,-4.976,1,0.153,0.00139,0.432,0.158,0.69,165.361,4
spotify:track:7Apo6o7oxgFyXaSmdx6NHN,"Si Te Vas","Donde Estan Los Ladrones","Shakira",1998-09-29,210266,75,false,ruffoj,2025-06-09T21:58:43Z,"latin pop","Epic",0.677,0.897,2,-5.458,1,0.0393,0.0431,0,0.264,0.828,107.78,4
spotify:track:1RNr6QJ1lexmCJJXsksg06,"I Can't Make Up My Mind","Begin Here","The Zombies",1965-04-30,152906,38,false,ruffoj,2025-06-09T21:58:51Z,"baroque pop,psychedelic rock","Zombies Partners",0.632,0.524,9,-8.1,0,0.0304,0.537,0,0.0789,0.614,128.469,4
spotify:track:0FpYqjOx9Q4khUauXDrVtj,"Luz Verde","Aries","Luis Miguel",1993,301933,56,false,ruffoj,2025-06-09T21:58:58Z,"mariachi,bolero,latin pop,villancicos","WEA Latina",0.71,0.859,10,-6.86,0,0.0782,0.136,0.000508,0.23,0.793,107.499,4
spotify:track:3ZuVfQriS93y6ofwbIf7lp,"Children of the Grave","Master of Reality (2009 Remastered Version)","Black Sabbath",1971-07-21,314720,5,false,ruffoj,2025-06-09T21:59:06Z,"metal,heavy metal,rock,stoner rock,doom metal,hard rock,classic rock","Sanctuary Records",0.311,0.658,6,-13.529,1,0.0406,0.0706,0.104,0.093,0.353,151.813,4
spotify:track:46byx3nwRDZwZ0dxPZNs0G,"Ángel - Once in Your Lifetime","Belinda","Belinda",2003-08-05,220253,69,false,ruffoj,2025-06-09T21:59:20Z,"latin pop","Ariola",0.581,0.834,0,-5.185,1,0.0707,0.216,0,0.323,0.517,164.015,4
spotify:track:7s6Rk59SDllxPq5omrxJT4,"Stillborn","The Blessed Hellride","Black Label Society",2018-09-21,196040,69,false,ruffoj,2025-06-22T21:38:05Z,"groove metal,metal,heavy metal","eOne Music",0.585,0.881,5,-4.719,0,0.0366,0.0000227,0.000939,0.376,0.425,107.03,4
spotify:track:719muV16yNGh6AxmCeMby1,"Rock Bottom - 2007 Remaster","Phenomenon (2007 Remaster)","UFO",1974-01-01,389333,57,false,ruffoj,2025-06-22T21:38:17Z,"hard rock,aor,space rock,heavy metal","Chrysalis Records",0.256,0.863,5,-6.582,1,0.106,0.0000349,0.00408,0.364,0.519,158.936,4
spotify:track:7MDBR4dEvtOGNyOBKNmP8n,"Children of the Sea","Heaven & Hell","Black Sabbath",1980-04-25,335213,58,false,ruffoj,2025-06-22T21:38:24Z,"metal,heavy metal,rock,stoner rock,doom metal,hard rock,classic rock","Sanctuary Records",0.424,0.645,6,-10.09,1,0.0319,0.0128,0.000139,0.191,0.354,142.051,4
spotify:track:6HQfFAupOMsmfWV4CbG1Kj,"The Shooting Star","Magma","Gojira",2016-06-17,342346,58,false,ruffoj,2025-06-24T23:25:48Z,"groove metal,metal,progressive metal,death metal,djent","Roadrunner Records",0.497,0.844,2,-5.055,0,0.0346,0.00158,0.0854,0.155,0.32,126.137,4
